source_record_id,asset_type,substation_name,voltage_level,summer_total_capacity_mva,summer_firm_capacity_mva,summer_load_transfer_capacity_mva,summer_95pct_peak_exceeded_hours_per_year,summer_embedded_solar_pv_mw,summer_embedded_other_generation_mw,winter_total_capacity_mva,winter_firm_capacity_mva,winter_load_transfer_capacity_mva,winter_95pct_peak_exceeded_hours_per_year,winter_embedded_solar_pv_mw,winter_embedded_other_generation_mw,summer_actual_2022_23_mva,summer_actual_2022_23_pf,summer_actual_2023_24_mva,summer_actual_2023_24_pf,summer_actual_2024_25_mva,summer_actual_2024_25_pf,winter_actual_2022_mva,winter_actual_2022_pf,winter_actual_2023_mva,winter_actual_2023_pf,winter_actual_2024_mva,winter_actual_2024_pf,summer_forecast_2025_26_mva,summer_forecast_2025_26_pf,summer_forecast_2026_27_mva,summer_forecast_2026_27_pf,summer_forecast_2027_28_mva,summer_forecast_2027_28_pf,summer_forecast_2028_29_mva,summer_forecast_2028_29_pf,summer_forecast_2029_30_mva,summer_forecast_2029_30_pf,winter_forecast_2025_mva,winter_forecast_2025_pf,winter_forecast_2026_mva,winter_forecast_2026_pf,winter_forecast_2027_mva,winter_forecast_2027_pf,winter_forecast_2028_mva,winter_forecast_2028_pf,winter_forecast_2029_mva,winter_forecast_2029_pf,summer_apparent_firm_margin_latest_mva,summer_apparent_firm_margin_2029_30_mva,winter_apparent_firm_margin_latest_mva,winter_apparent_firm_margin_2029_mva,capacity_interpretation
zone_substation|ABERDEEN|66/11kV,zone_substation,ABERDEEN,66/11kV,46.41,25.53,4.76,2.25,3.059855,0.0,46.41,25.53,3.45,0.0,2.795275,0.0,4.64,1.0,5.58,0.99,4.76,1.0,3.55,0.99,4.3,1.0,3.45,0.99,4.69,0.99,4.77,0.99,5.05,0.99,7.48,0.99,9.06,0.99,4.19,1.0,4.14,1.0,4.16,1.0,4.24,1.0,8.92,1.0,20.77,16.47,22.08,16.61,Apparent arithmetic margin only: firm capacity minus reported actual/forecast MVA; not guaranteed connection headroom.
zone_substation|ADAMSTOWN|132/11kV,zone_substation,ADAMSTOWN,132/11kV,125.21,63.03,0.0,0.75,14.396022,0.18662,130.01,65.01,0.0,0.0,13.261532,0.18662,28.91,0.99,29.34,0.9,32.08,0.97,22.76,1.0,22.54,0.9,22.17,0.98,31.49,0.99,31.34,0.99,31.2,0.99,31.9,0.99,31.52,0.99,30.66,0.99,30.46,0.99,30.43,0.99,30.43,0.99,31.4,0.99,30.95,31.51,42.84,33.61,Apparent arithmetic margin only: firm capacity minus reported actual/forecast MVA; not guaranteed connection headroom.
zone_substation|ARGENTON|132/11kV,zone_substation,ARGENTON,132/11kV,121.4,60.8,27.0841473772392,0.5,21.843415,0.09312,121.4,64.19,19.091088123305617,0.0,19.177075,0.09312,33.09,0.99,36.28,0.9,39.34,0.99,25.82,1.0,26.83,0.9,27.73,0.87,31.34,0.99,31.48,0.99,31.73,0.99,32.89,0.99,33.79,0.99,28.12,0.99,27.84,0.99,28.05,0.99,28.37,0.99,29.63,0.99,21.46,27.01,36.46,34.56,Apparent arithmetic margin only: firm capacity minus reported actual/forecast MVA; not guaranteed connection headroom.
zone_substation|AUBURN|33/11kV,zone_substation,AUBURN,33/11kV,83.53,50.14,20.866332539439032,0.5,4.857755,0.0,83.53,50.16,14.289835587667783,0.0,4.451185,0.0,25.14,0.98,25.55,0.97,31.57,0.98,19.35,0.98,20.44,0.9,21.62,0.99,26.23,0.97,26.38,0.97,26.75,0.97,27.33,0.97,28.11,0.97,23.59,0.98,24.07,0.98,24.65,0.98,25.45,0.98,26.43,0.98,18.57,22.03,28.54,23.73,Apparent arithmetic margin only: firm capacity minus reported actual/forecast MVA; not guaranteed connection headroom.
zone_substation|AVOCA|66/11kV,zone_substation,AVOCA,66/11kV,97.93,59.83,12.349609176291136,0.75,22.899415,1.0228,101.78,63.67,11.293255436957285,0.0,21.22651,1.0228,37.8,1.0,35.01,1.0,35.54,1.0,36.58,1.0,31.35,1.0,32.5,1.0,38.17,1.0,38.62,1.0,38.76,1.0,38.41,1.0,39.17,1.0,39.91,1.0,39.57,1.0,39.92,1.0,40.08,1.0,39.67,1.0,24.29,20.66,31.17,24.0,Apparent arithmetic margin only: firm capacity minus reported actual/forecast MVA; not guaranteed connection headroom.
zone_substation|AVONDALE|33/11kV,zone_substation,AVONDALE,33/11kV,47.17,23.59,10.499294416646846,0.5,11.521455,0.0,47.17,23.59,7.80123784849237,0.0,10.363405,0.0,10.86,1.0,11.73,1.0,13.62,1.0,7.86,1.0,8.3,1.0,10.12,1.0,12.17,1.0,12.37,1.0,12.54,1.0,13.39,1.0,13.7,1.0,9.45,1.0,9.49,1.0,9.61,1.0,9.64,1.0,10.26,1.0,9.97,9.89,13.47,13.33,Apparent arithmetic margin only: firm capacity minus reported actual/forecast MVA; not guaranteed connection headroom.
zone_substation|BAERAMI|33/11kV,zone_substation,BAERAMI,33/11kV,2.44,0.0,0.116415002340537,2.5,0.27909,0.0,2.67,0.0,0.08687686741831119,0.0,0.26549,0.0,0.61,0.95,0.67,0.95,0.67,0.98,0.48,0.99,0.6,0.97,0.5,1.0,0.9,0.95,0.93,0.95,0.93,0.95,0.93,0.95,0.92,0.95,0.78,0.97,0.78,0.97,0.81,0.97,0.83,0.97,0.84,0.97,-0.67,-0.92,-0.5,-0.84,Apparent arithmetic margin only: firm capacity minus reported actual/forecast MVA; not guaranteed connection headroom.
zone_substation|BALGOWLAH NORTH|132/11kV,zone_substation,BALGOWLAH NORTH,132/11kV,76.53,43.92,13.024381442171569,0.0,17.89424,0.01,76.53,43.92,14.287769412752585,2.25,16.14506,0.01,28.75,1.0,28.34,1.0,28.35,1.0,31.39,1.0,28.54,1.0,31.1,1.0,27.97,1.0,28.39,1.0,28.03,1.0,27.83,1.0,27.6,1.0,30.14,1.0,29.91,1.0,30.44,1.0,30.12,1.0,29.97,1.0,15.57,16.32,12.82,13.95,Apparent arithmetic margin only: firm capacity minus reported actual/forecast MVA; not guaranteed connection headroom.
zone_substation|BANKSTOWN|132/11kV,zone_substation,BANKSTOWN,132/11kV,127.65,63.52,28.6,1.25,19.67853,0.2,128.15,65.01,22.0,0.0,18.026495,0.2,43.08,0.99,47.26,0.99,44.06,0.99,39.31,1.0,36.42,0.9,36.16,1.0,48.54,0.99,49.53,0.99,49.69,0.99,51.37,0.99,53.99,0.99,35.58,0.99,33.79,0.99,34.6,0.99,34.91,0.99,36.41,0.99,19.46,9.53,28.85,28.6,Apparent arithmetic margin only: firm capacity minus reported actual/forecast MVA; not guaranteed connection headroom.
zone_substation|BASS HILL|33/11kV,zone_substation,BASS HILL,33/11kV,40.11,20.69,7.780607685414324,8.0,7.193515,0.0,40.11,20.69,6.498854945659227,0.0,6.586185,0.0,17.55,1.0,20.01,1.0,19.0,1.0,14.88,1.0,17.36,1.0,15.87,1.0,17.21,1.0,18.02,1.0,17.95,1.0,18.01,1.0,18.03,1.0,15.83,1.0,15.77,1.0,16.53,1.0,16.57,1.0,16.71,1.0,1.69,2.66,4.82,3.98,Apparent arithmetic margin only: firm capacity minus reported actual/forecast MVA; not guaranteed connection headroom.
zone_substation|BEACON HILL|33/11kV,zone_substation,BEACON HILL,33/11kV,54.12,26.67,18.6,0.5,9.688411,0.0,54.12,26.67,16.8,0.5,8.559266,0.0,17.19,0.94,19.69,0.9,18.45,0.96,18.49,0.96,18.46,0.9,17.75,0.96,18.12,0.94,18.29,0.94,18.46,0.94,18.72,0.94,19.97,0.94,18.5,0.96,18.4,0.96,18.62,0.96,18.82,0.96,19.09,0.96,8.22,6.7,8.92,7.58,Apparent arithmetic margin only: firm capacity minus reported actual/forecast MVA; not guaranteed connection headroom.
zone_substation|BELMORE PARK|132/11kV,zone_substation,BELMORE PARK,132/11kV,231.49,125.63,0.0,5.5,0.38534,1.275,231.49,125.63,0.0,0.0,0.38334,1.275,20.44,0.98,51.34,0.99,47.21,0.99,14.14,0.0,17.1,1.0,32.61,1.0,45.89,0.99,50.19,0.99,51.27,0.99,53.49,0.99,53.57,0.99,32.63,1.0,33.51,1.0,38.1,1.0,39.54,1.0,42.08,1.0,78.42,72.06,93.02,83.55,Apparent arithmetic margin only: firm capacity minus reported actual/forecast MVA; not guaranteed connection headroom.
zone_substation|BELROSE|33/11kV,zone_substation,BELROSE,33/11kV,70.47,40.29,15.94337866452831,0.5,16.792345,0.0,70.47,44.31,15.131906810127202,0.0,15.30707,0.0,27.75,0.97,26.17,0.9,27.31,0.97,26.89,0.96,24.04,0.9,25.92,0.97,24.1,0.97,24.46,0.97,24.2,0.97,24.59,0.97,24.87,0.97,23.64,0.97,23.13,0.97,23.49,0.97,23.32,0.97,23.73,0.97,12.98,15.42,18.39,20.58,Apparent arithmetic margin only: firm capacity minus reported actual/forecast MVA; not guaranteed connection headroom.
zone_substation|BERKELEY VALE|132/11kV,zone_substation,BERKELEY VALE,132/11kV,117.55,59.9,18.340492275329897,1.0,20.19201,0.0,117.55,63.25,13.816138259568739,0.0,18.627455,0.0,40.26,0.98,42.21,0.99,46.78,0.98,35.85,1.0,34.5,1.0,35.24,0.99,44.48,0.99,45.02,0.99,45.8,0.99,52.78,0.99,52.97,0.99,36.03,1.0,36.46,1.0,37.15,1.0,38.18,1.0,44.7,1.0,13.12,6.93,28.01,18.55,Apparent arithmetic margin only: firm capacity minus reported actual/forecast MVA; not guaranteed connection headroom.
zone_substation|BEROWRA|132/11kV,zone_substation,BEROWRA,132/11kV,82.86,42.335,0.0,0.75,15.36591,0.0,85.47,44.564,0.0,0.75,13.68623,0.0,22.65,0.93,28.99,0.9,28.15,0.9,22.3,0.97,26.1,0.9,27.98,0.9,29.37,0.97,29.39,0.97,29.77,0.97,29.61,0.97,29.81,0.97,29.21,0.97,30.62,0.97,30.66,0.97,31.22,0.97,31.22,0.97,14.185,12.525,16.584,13.344,Apparent arithmetic margin only: firm capacity minus reported actual/forecast MVA; not guaranteed connection headroom.
zone_substation|BLAKEHURST|33/11kV,zone_substation,BLAKEHURST,33/11kV,47.38,31.59,18.038821533405176,4.0,10.57496,0.0,47.38,31.59,17.703073586082915,1.25,9.538595,0.0,22.07,0.98,24.18,0.9,23.64,0.98,21.99,0.95,21.81,0.9,23.2,0.98,24.29,0.98,26.0,0.98,26.12,0.98,26.2,0.98,26.22,0.98,21.94,0.98,21.75,0.98,23.47,0.98,23.64,0.98,23.76,0.98,7.95,5.37,8.39,7.83,Apparent arithmetic margin only: firm capacity minus reported actual/forecast MVA; not guaranteed connection headroom.
zone_substation|BOTANY|33/11kV,zone_substation,BOTANY,33/11kV,89.03,55.16,18.298683322086237,5.5,7.560835,0.0,89.03,55.16,17.318889569546176,0.0,7.03993,0.0,29.1,0.99,18.63,0.99,26.52,0.99,23.74,0.99,16.55,0.99,25.1,0.99,30.05,0.99,30.52,0.99,30.44,0.99,30.42,0.99,32.16,0.99,27.05,0.99,27.18,0.99,27.69,0.99,27.76,0.99,27.82,0.99,28.64,23.0,30.06,27.34,Apparent arithmetic margin only: firm capacity minus reported actual/forecast MVA; not guaranteed connection headroom.
zone_substation|BRANDY HILL|132/11kV,zone_substation,BRANDY HILL,132/11kV,76.21,38.11,2.6,0.5,7.390735,0.0,76.21,38.11,1.5,0.0,6.924145,0.0,9.79,1.0,10.44,1.0,11.16,1.0,7.37,1.0,7.5,0.9,6.52,0.9,13.9,1.0,13.89,1.0,14.02,1.0,16.41,1.0,16.43,1.0,11.37,1.0,11.33,1.0,11.37,1.0,11.53,1.0,18.85,1.0,26.95,21.68,31.59,19.26,Apparent arithmetic margin only: firm capacity minus reported actual/forecast MVA; not guaranteed connection headroom.
zone_substation|BRANXTON|66/11kV,zone_substation,BRANXTON,66/11kV,28.88,15.07,6.304612645291322,0.75,12.73913,0.0066,31.78,16.29,3.8854831864520114,0.0,11.736505,0.0066,13.89,1.0,16.88,0.99,17.8,0.99,10.47,1.0,10.44,1.0,10.97,1.0,14.12,0.99,14.32,0.99,15.28,0.99,15.91,0.99,15.41,0.99,11.08,1.0,11.18,1.0,11.31,1.0,11.81,1.0,12.46,1.0,-2.73,-0.34,5.32,3.83,Apparent arithmetic margin only: firm capacity minus reported actual/forecast MVA; not guaranteed connection headroom.
zone_substation|BROADMEADOW|132/11kV,zone_substation,BROADMEADOW,132/11kV,109.44,59.54,21.5,0.75,10.95122,0.0,109.44,59.54,18.4,0.0,9.83124,0.0,23.84,0.99,26.33,0.99,27.0,0.99,20.0,0.99,20.13,1.0,19.71,1.0,26.2,0.99,30.17,0.99,30.04,0.99,29.66,0.99,29.39,0.99,21.94,1.0,22.88,1.0,26.35,1.0,26.46,1.0,26.66,1.0,32.54,30.15,39.83,32.88,Apparent arithmetic margin only: firm capacity minus reported actual/forecast MVA; not guaranteed connection headroom.
zone_substation|BROOKVALE|33/11kV,zone_substation,BROOKVALE,33/11kV,88.78,55.08,25.9,0.25,8.152755,0.0,88.78,55.08,21.0,0.0,7.53123,0.0,37.9,0.94,40.89,0.9,41.32,0.98,37.47,0.98,31.52,0.9,32.3,0.98,38.69,0.94,38.64,0.94,39.56,0.94,40.08,0.94,40.14,0.94,32.42,0.98,32.59,0.98,32.82,0.98,34.45,0.98,35.51,0.98,13.76,14.94,22.78,19.57,Apparent arithmetic margin only: firm capacity minus reported actual/forecast MVA; not guaranteed connection headroom.
zone_substation|BURWOOD|132/11kV,zone_substation,BURWOOD,132/11kV,152.42,89.43,0.0,0.5,16.711099,0.0,152.42,96.18,0.0,0.0,15.544994,0.0,67.36,0.95,69.61,0.9,65.94,0.95,58.09,0.99,51.94,0.9,51.9,0.95,63.3,0.96,63.68,0.96,63.63,0.96,64.76,0.96,67.16,0.96,52.84,0.96,55.29,0.96,56.17,0.96,56.58,0.96,58.21,0.96,23.49,22.27,44.28,37.97,Apparent arithmetic margin only: firm capacity minus reported actual/forecast MVA; not guaranteed connection headroom.
zone_substation|CAMPBELL ST|132/11kV,zone_substation,CAMPBELL ST,132/11kV,127.02,62.8,34.8,4.75,1.48763,0.00525,127.02,65.01,25.8,0.0,1.47306,0.00525,36.39,0.93,46.5,0.99,48.53,0.99,28.62,1.0,27.69,1.0,37.1,1.0,49.41,0.99,34.49,0.99,34.45,0.99,34.59,0.99,35.1,0.99,37.02,1.0,37.28,1.0,26.17,1.0,26.73,1.0,27.33,1.0,14.27,27.7,27.91,37.68,Apparent arithmetic margin only: firm capacity minus reported actual/forecast MVA; not guaranteed connection headroom.
zone_substation|CAMPERDOWN|33/11kV,zone_substation,CAMPERDOWN,33/11kV,87.45,58.3,21.8,8.25,2.55522,0.0,87.45,58.3,15.7,0.0,2.31186,0.0,28.82,1.0,26.31,1.0,28.7,1.0,20.71,1.0,20.76,1.0,23.7,1.0,29.37,1.0,29.71,1.0,31.49,1.0,35.15,1.0,35.29,1.0,24.17,1.0,24.25,1.0,24.68,1.0,26.99,1.0,30.98,1.0,29.6,23.01,34.6,27.32,Apparent arithmetic margin only: firm capacity minus reported actual/forecast MVA; not guaranteed connection headroom.
zone_substation|CAMPSIE|33/11kV,zone_substation,CAMPSIE,33/11kV,140.57,87.01,24.9,3.5,22.09489,0.0,140.57,87.01,21.5,0.0,20.053415,0.0,66.74,0.99,70.18,0.9,66.72,0.99,64.98,0.99,61.88,0.9,63.05,0.99,62.95,0.99,63.91,0.99,63.87,0.99,63.99,0.99,65.38,0.99,61.55,0.99,61.21,0.99,62.2,0.99,62.21,0.99,62.29,0.99,20.29,21.63,23.96,24.72,Apparent arithmetic margin only: firm capacity minus reported actual/forecast MVA; not guaranteed connection headroom.
zone_substation|CARDIFF|33/11kV,zone_substation,CARDIFF,33/11kV,45.73,22.86,22.449004547554985,0.75,12.30752,0.0,45.73,22.86,14.060116341259743,0.0,11.676815,0.0,18.87,0.99,21.38,0.99,23.79,0.99,14.34,1.0,16.18,1.0,14.9,1.0,20.22,0.99,20.35,0.99,20.59,0.99,20.4,0.99,20.33,0.99,18.29,1.0,18.14,1.0,18.37,1.0,18.77,1.0,18.75,1.0,-0.93,2.53,7.96,4.11,Apparent arithmetic margin only: firm capacity minus reported actual/forecast MVA; not guaranteed connection headroom.
zone_substation|CAREEL BAY|33/11kV,zone_substation,CAREEL BAY,33/11kV,23.43,19.7,5.507727343906836,0.75,6.246045,0.0,23.43,21.68,5.484701727920603,2.0,5.601525,0.0,10.63,0.99,10.94,1.0,11.96,1.0,11.76,0.99,10.95,0.99,11.91,0.99,11.13,1.0,11.25,1.0,11.08,1.0,10.92,1.0,10.78,1.0,11.68,0.99,11.96,0.99,12.11,0.99,11.97,0.99,11.84,0.99,7.74,8.92,9.77,9.84,Apparent arithmetic margin only: firm capacity minus reported actual/forecast MVA; not guaranteed connection headroom.
zone_substation|CARINGBAH|33/11kV,zone_substation,CARINGBAH,33/11kV,68.59,34.29,23.84,3.0,5.78827,0.0,68.59,34.29,20.99,0.0,5.42437,0.0,25.01,0.93,24.52,0.9,23.84,0.99,21.22,0.93,20.63,0.9,20.99,1.0,25.04,0.93,26.23,0.93,26.21,0.93,27.15,0.93,27.3,0.93,23.56,0.93,23.56,0.93,24.75,0.93,24.89,0.93,25.84,0.93,10.45,6.99,13.3,8.45,Apparent arithmetic margin only: firm capacity minus reported actual/forecast MVA; not guaranteed connection headroom.
zone_substation|CASTLE COVE|132/11kV,zone_substation,CASTLE COVE,132/11kV,152.42,90.65,44.638004057253866,0.5,15.92407,0.0,152.42,96.25,31.921445106140123,0.0,14.54304,0.0,61.84,0.92,60.32,0.9,63.5,0.92,51.38,0.69,47.58,0.9,45.41,0.92,56.08,0.92,56.53,0.92,55.97,0.92,55.52,0.92,55.33,0.92,56.52,0.8,57.02,0.8,57.88,0.8,57.65,0.8,57.19,0.8,27.15,35.32,50.84,39.06,Apparent arithmetic margin only: firm capacity minus reported actual/forecast MVA; not guaranteed connection headroom.
zone_substation|CESSNOCK SOUTH|33/11kV,zone_substation,CESSNOCK SOUTH,33/11kV,56.97,28.48,7.6,1.25,17.312995,0.0104,61.69,30.85,4.5,0.0,15.73715,0.0104,22.69,0.99,27.36,0.99,29.13,0.99,17.22,1.0,17.56,1.0,18.15,1.0,25.46,0.99,27.31,0.99,27.14,0.99,27.64,0.99,27.49,0.99,18.81,1.0,18.77,1.0,20.17,1.0,20.01,1.0,20.46,1.0,-0.65,0.99,12.7,10.39,Apparent arithmetic margin only: firm capacity minus reported actual/forecast MVA; not guaranteed connection headroom.
zone_substation|CHARLESTOWN|132/11kV,zone_substation,CHARLESTOWN,132/11kV,113.0,60.17,29.62104562160526,0.5,16.13806,0.01726,113.0,60.17,21.78963996594741,0.0,14.789255,0.01726,32.5,0.99,36.0,0.98,36.84,0.98,25.99,1.0,25.35,0.99,27.1,0.99,34.66,0.93,34.75,0.93,34.36,0.93,34.37,0.93,35.05,0.93,29.36,0.95,28.49,0.95,28.7,0.95,28.53,0.95,28.48,0.95,23.33,25.12,33.07,31.69,Apparent arithmetic margin only: firm capacity minus reported actual/forecast MVA; not guaranteed connection headroom.
zone_substation|CHARMHAVEN|132/11kV,zone_substation,CHARMHAVEN,132/11kV,125.9,63.25,13.470361596399433,0.0,34.42663,0.72264,130.01,65.01,9.858721664568291,0.0,32.43437,0.00264,42.35,1.0,45.82,0.99,45.95,0.99,34.89,1.0,34.76,1.0,33.63,1.0,47.74,0.99,48.5,0.99,48.49,0.99,48.38,0.99,48.37,0.99,38.03,1.0,37.54,1.0,38.14,1.0,38.19,1.0,38.08,1.0,17.3,14.88,31.38,26.93,Apparent arithmetic margin only: firm capacity minus reported actual/forecast MVA; not guaranteed connection headroom.
zone_substation|CHATSWOOD|33/11kV,zone_substation,CHATSWOOD,33/11kV,121.94,67.14,40.948193134266965,0.5,13.038325,0.1,122.13,70.51,37.85441273539858,0.0,12.018675,0.1,32.63,0.92,41.66,0.9,43.81,0.94,43.42,0.94,38.96,0.9,40.5,0.94,38.73,0.94,38.84,0.94,38.99,0.94,39.52,0.94,39.25,0.94,38.79,0.94,39.99,0.94,40.38,0.94,40.79,0.94,41.38,0.94,23.33,27.89,30.01,29.13,Apparent arithmetic margin only: firm capacity minus reported actual/forecast MVA; not guaranteed connection headroom.
zone_substation|CITY CENTRAL|132/11kV,zone_substation,CITY CENTRAL,132/11kV,254.35,128.0,0.0,3.75,0.39005,6.728,254.35,130.01,0.0,0.0,0.37955,6.728,87.5,0.93,104.88,0.9,107.92,1.0,66.71,0.95,72.28,0.9,77.35,0.9,124.0,0.91,131.98,0.91,134.36,0.91,135.52,0.91,135.65,0.91,89.57,0.95,96.15,0.95,104.84,0.95,108.56,0.95,110.89,0.95,20.08,-7.65,52.66,19.12,Apparent arithmetic margin only: firm capacity minus reported actual/forecast MVA; not guaranteed connection headroom.
zone_substation|CITY NORTH|132/11kV,zone_substation,CITY NORTH,132/11kV,208.24,167.93,0.0,5.5,0.67925,2.251,208.24,167.93,0.0,0.0,0.67925,2.251,95.37,0.95,107.01,0.9,102.71,0.99,70.02,0.66,72.22,0.9,70.51,0.99,111.93,0.95,111.33,0.95,111.66,0.95,114.25,0.95,114.05,0.95,92.08,0.8,100.87,0.8,102.3,0.8,105.02,0.8,109.84,0.8,65.22,53.88,97.42,58.09,Apparent arithmetic margin only: firm capacity minus reported actual/forecast MVA; not guaranteed connection headroom.
zone_substation|CITY SOUTH|132/11kV,zone_substation,CITY SOUTH,132/11kV,199.98,130.32,0.0,5.5,0.23076,0.772,199.98,130.32,0.0,0.0,0.23076,0.772,98.46,0.95,102.1,1.0,102.84,1.0,74.91,0.95,69.71,0.9,72.56,1.0,117.1,0.94,119.01,0.94,120.05,0.94,120.53,0.94,122.01,0.94,80.99,0.94,85.13,0.94,87.78,0.94,89.69,0.94,90.98,0.94,27.48,8.31,57.76,39.34,Apparent arithmetic margin only: firm capacity minus reported actual/forecast MVA; not guaranteed connection headroom.
zone_substation|CLOVELLY|132/11kV,zone_substation,CLOVELLY,132/11kV,96.44,43.82,22.863839206252482,0.0,7.383545,5.354,103.65,46.49,27.56686580160157,6.25,6.816385,0.0,36.23,1.0,35.59,0.9,33.35,1.0,41.22,1.0,38.01,0.9,40.21,1.0,34.4,1.0,34.89,1.0,34.54,1.0,34.53,1.0,34.53,1.0,36.91,1.0,37.23,1.0,37.95,1.0,37.74,1.0,37.73,1.0,10.47,9.29,6.28,8.76,Apparent arithmetic margin only: firm capacity minus reported actual/forecast MVA; not guaranteed connection headroom.
zone_substation|CONCORD|33/11kV,zone_substation,CONCORD,33/11kV,81.37,54.41,24.78828850827378,0.5,10.739615,0.0,81.37,54.41,16.725490403340146,0.0,9.93452,0.0,40.03,0.96,41.14,0.9,45.04,0.96,31.29,0.98,30.48,0.9,30.39,0.96,36.97,0.96,37.87,0.96,37.8,0.96,37.03,0.96,37.15,0.96,31.83,0.96,32.41,0.96,33.29,0.96,33.32,0.96,32.83,0.96,9.37,17.26,24.02,21.58,Apparent arithmetic margin only: firm capacity minus reported actual/forecast MVA; not guaranteed connection headroom.
zone_substation|CRONULLA|132/11kV,zone_substation,CRONULLA,132/11kV,106.92,53.46,25.716922227654646,2.0,24.537315,0.82252,118.2,64.17,25.804147515029392,3.0,22.760835,0.82252,54.0,0.98,54.35,0.9,53.07,1.0,55.99,0.99,50.71,0.9,53.25,1.0,50.18,0.99,51.14,0.99,51.46,0.99,52.43,0.99,53.0,0.99,50.07,0.99,49.54,0.99,50.5,0.99,50.78,0.99,51.49,0.99,0.39,0.46,10.92,12.68,Apparent arithmetic margin only: firm capacity minus reported actual/forecast MVA; not guaranteed connection headroom.
zone_substation|CROUDACE BAY|33/11kV,zone_substation,CROUDACE BAY,33/11kV,74.91,38.11,19.5380253191626,0.5,14.18951,0.0066,76.21,38.11,11.761581114749868,0.0,13.289925,0.0,23.24,0.99,22.26,0.99,25.2,0.99,14.31,1.0,13.78,1.0,15.17,1.0,17.98,0.99,18.51,0.99,18.4,0.99,18.68,0.99,18.66,0.99,14.57,1.0,14.31,1.0,14.65,1.0,14.53,1.0,14.67,1.0,12.91,19.45,22.94,23.44,Apparent arithmetic margin only: firm capacity minus reported actual/forecast MVA; not guaranteed connection headroom.
zone_substation|CROWS NEST|132/11kV,zone_substation,CROWS NEST,132/11kV,123.78,61.64,37.604966205534474,1.75,5.336485,0.0,123.78,65.01,33.545611587512475,0.0,4.740885,0.0,35.84,1.0,43.51,0.86,47.06,0.85,33.37,0.96,39.93,0.85,41.98,0.85,48.87,0.86,49.99,0.86,50.31,0.86,52.67,0.86,53.37,0.86,45.01,0.85,46.41,0.85,47.91,0.85,48.59,0.85,50.94,0.85,14.58,8.27,23.03,14.07,Apparent arithmetic margin only: firm capacity minus reported actual/forecast MVA; not guaranteed connection headroom.
zone_substation|CROYDON|132/11kV,zone_substation,CROYDON,132/11kV,126.51,62.57,33.80423098425315,0.5,12.635265,0.026,130.01,65.01,32.20463485411482,0.0,11.6735,0.026,33.3,0.99,34.17,0.9,39.73,0.9,35.16,0.99,34.7,0.9,37.85,0.9,31.58,0.99,31.69,0.99,31.58,0.99,31.39,0.99,31.45,0.99,35.06,0.99,35.95,0.99,36.25,0.99,36.2,0.99,36.11,0.99,22.84,31.12,27.16,28.9,Apparent arithmetic margin only: firm capacity minus reported actual/forecast MVA; not guaranteed connection headroom.
zone_substation|DALLEY ST|132/11kV,zone_substation,DALLEY ST,132/11kV,243.22,123.61,0.0,0.0,0.002,4.2,258.01,130.01,0.0,0.0,0.002,4.2,35.77,0.97,21.33,0.9,13.55,0.97,28.71,0.96,21.3,0.9,10.02,0.97,0.0,0.97,0.0,0.97,0.0,0.97,0.0,0.97,0.0,0.97,7.11,0.97,0.0,0.97,0.0,0.97,0.0,0.97,0.0,0.97,110.06,123.61,119.99,130.01,Apparent arithmetic margin only: firm capacity minus reported actual/forecast MVA; not guaranteed connection headroom.
zone_substation|DARLING HARBOUR|132/11kV,zone_substation,DARLING HARBOUR,132/11kV,115.65,57.82,21.471171052425674,4.5,2.394815,0.0,116.22,61.96,16.214075177947247,0.0,2.27249,0.0,48.88,0.98,54.73,0.9,53.34,0.98,45.75,1.0,40.82,0.9,40.28,0.98,53.96,0.98,53.8,0.98,53.83,0.98,53.43,0.98,54.25,0.98,41.37,0.98,43.52,0.98,43.83,0.98,44.3,0.98,43.57,0.98,4.48,3.57,21.68,18.39,Apparent arithmetic margin only: firm capacity minus reported actual/forecast MVA; not guaranteed connection headroom.
zone_substation|DARLINGHURST|33/11kV,zone_substation,DARLINGHURST,33/11kV,55.2,23.82,0.0,25.0,0.641385,0.4875,57.1,23.82,0.0,0.0,0.61047,0.4875,39.9,0.98,30.69,0.9,26.7,0.98,33.11,1.0,33.11,0.9,23.15,0.98,31.91,0.98,32.01,0.98,31.84,0.98,31.8,0.98,31.94,0.98,25.61,0.98,25.95,0.98,26.31,0.98,26.44,0.98,26.77,0.98,-2.88,-8.12,0.67,-2.95,Apparent arithmetic margin only: firm capacity minus reported actual/forecast MVA; not guaranteed connection headroom.
zone_substation|DEE WHY WEST|33/11kV,zone_substation,DEE WHY WEST,33/11kV,97.14,53.45,24.3,0.0,17.823305,0.4,101.48,58.78,24.5,3.25,16.191355,0.4,41.23,0.93,38.07,0.9,39.49,0.98,43.05,0.98,39.49,0.9,42.78,0.98,33.32,0.98,34.2,0.98,34.43,0.98,33.99,0.98,33.68,0.98,37.83,0.98,37.28,0.98,38.25,0.98,38.52,0.98,38.12,0.98,13.96,19.77,16.0,20.66,Apparent arithmetic margin only: firm capacity minus reported actual/forecast MVA; not guaranteed connection headroom.
zone_substation|DENMAN|66/11kV,zone_substation,DENMAN,66/11kV,30.67,15.34,1.948104542707015,2.5,2.811285,0.06,32.96,16.48,1.1003798696860443,0.0,2.673605,0.06,5.01,0.99,5.84,0.99,5.86,0.99,3.46,1.0,3.94,1.0,3.31,1.0,4.7,0.99,4.99,0.99,5.05,0.99,5.04,0.99,5.17,0.99,4.09,1.0,4.15,1.0,4.49,1.0,4.61,1.0,4.66,1.0,9.48,10.17,13.17,11.82,Apparent arithmetic margin only: firm capacity minus reported actual/forecast MVA; not guaranteed connection headroom.
zone_substation|DOUBLE BAY|132/11kV,zone_substation,DOUBLE BAY,132/11kV,157.49,101.25,22.530733489700406,4.0,6.576315,0.0,158.14,101.25,22.51406258071802,9.25,6.02728,0.0,55.07,0.92,55.03,0.9,54.06,1.0,56.14,1.0,52.9,0.9,54.02,1.0,52.71,1.0,52.82,1.0,52.9,1.0,52.89,1.0,53.07,1.0,51.87,1.0,51.82,1.0,52.38,1.0,52.71,1.0,52.71,1.0,47.19,48.18,47.23,48.54,Apparent arithmetic margin only: firm capacity minus reported actual/forecast MVA; not guaranteed connection headroom.
zone_substation|DRUMMOYNE|132/11kV,zone_substation,DRUMMOYNE,132/11kV,102.08,56.15,19.75282633496684,0.75,13.692485,0.005,112.3,61.77,20.55559848769703,2.25,12.17896,0.005,55.15,0.97,56.02,0.9,51.18,1.0,56.32,0.98,49.45,0.9,53.26,1.0,53.1,0.98,53.71,0.98,53.33,0.98,52.89,0.98,52.57,0.98,48.31,0.98,48.76,0.98,49.31,0.98,48.98,0.98,48.54,0.98,4.97,3.58,8.51,13.23,Apparent arithmetic margin only: firm capacity minus reported actual/forecast MVA; not guaranteed connection headroom.
zone_substation|EDGEWORTH|33/11kV,zone_substation,EDGEWORTH,33/11kV,45.73,22.86,14.813930589584213,0.75,21.504215,0.5138,45.73,22.86,8.8122943394521,0.0,19.99181,0.5138,26.22,0.99,29.71,0.99,31.94,0.99,17.44,1.0,17.91,1.0,19.0,0.99,25.8,0.99,26.11,0.99,26.08,0.99,25.95,0.99,25.9,0.99,19.3,1.0,19.3,1.0,19.45,1.0,19.38,1.0,19.19,1.0,-9.08,-3.04,3.86,3.67,Apparent arithmetic margin only: firm capacity minus reported actual/forecast MVA; not guaranteed connection headroom.
zone_substation|EMPIRE BAY|66/11kV,zone_substation,EMPIRE BAY,66/11kV,76.21,38.11,11.121158668932608,0.25,10.12269,0.159,76.21,38.11,9.204606595383945,0.0,9.38862,0.0,12.47,0.99,12.57,1.0,12.94,1.0,11.36,1.0,10.73,1.0,10.71,1.0,13.57,1.0,13.98,1.0,14.03,1.0,14.11,1.0,14.34,1.0,11.82,1.0,11.53,1.0,11.82,1.0,11.8,1.0,11.81,1.0,25.17,23.77,27.4,26.3,Apparent arithmetic margin only: firm capacity minus reported actual/forecast MVA; not guaranteed connection headroom.
zone_substation|ENGADINE|132/11kV,zone_substation,ENGADINE,132/11kV,114.16,59.84,7.754102815217024,0.0,18.201026,0.0,125.59,68.57,8.708039875785568,3.75,16.715726,0.0,22.32,1.0,29.98,1.0,25.93,1.0,28.31,1.0,25.92,1.0,29.12,1.0,30.68,1.0,31.83,1.0,31.61,1.0,31.84,1.0,31.85,1.0,27.44,1.0,28.35,1.0,29.42,1.0,29.16,1.0,29.45,1.0,33.91,27.99,39.45,39.12,Apparent arithmetic margin only: firm capacity minus reported actual/forecast MVA; not guaranteed connection headroom.
zone_substation|EPPING|66/11kV,zone_substation,EPPING,66/11kV,114.32,74.91,32.9,1.25,14.37659,0.0,114.32,74.91,24.2,0.0,12.817955,0.0,49.36,1.0,56.87,1.0,53.71,1.0,44.85,1.0,42.59,0.99,42.71,0.99,56.8,1.0,60.59,1.0,62.08,1.0,64.26,1.0,66.24,1.0,46.93,0.99,49.18,0.99,53.1,0.99,54.6,0.99,56.46,0.99,21.2,8.67,32.2,18.45,Apparent arithmetic margin only: firm capacity minus reported actual/forecast MVA; not guaranteed connection headroom.
zone_substation|ERINA|66/11kV,zone_substation,ERINA,66/11kV,81.22,46.94,23.442371613634148,0.25,14.618945,0.01932,83.51,46.94,15.784050825744464,0.0,13.48132,0.01932,29.74,0.99,34.68,0.9,39.12,0.99,24.43,0.93,24.83,0.9,26.34,0.99,30.32,0.99,30.61,0.99,30.5,0.99,30.17,0.99,31.54,0.99,27.21,0.98,26.77,0.98,27.25,0.98,27.48,0.98,27.36,0.98,7.82,15.4,20.6,19.58,Apparent arithmetic margin only: firm capacity minus reported actual/forecast MVA; not guaranteed connection headroom.
zone_substation|FLEMINGTON|132/11kV,zone_substation,FLEMINGTON,132/11kV,76.21,45.92,25.66067796594871,2.25,10.768555,0.0,76.21,45.92,20.650463931023317,0.0,9.35897,0.0,40.0,0.95,42.91,0.9,40.41,0.95,34.09,0.95,30.94,0.9,32.52,0.95,41.12,0.95,41.51,0.95,42.69,0.95,42.31,0.95,42.48,0.95,33.41,0.95,35.31,0.95,36.28,0.95,38.31,0.95,38.74,0.95,5.51,3.44,13.4,7.18,Apparent arithmetic margin only: firm capacity minus reported actual/forecast MVA; not guaranteed connection headroom.
zone_substation|GALSTON|132/11kV,zone_substation,GALSTON,132/11kV,76.21,38.11,10.312744694609359,0.75,6.960955,0.0,76.21,38.11,8.635954438812911,0.0,6.29151,0.0,9.67,0.97,11.19,0.98,10.64,0.97,9.36,0.99,8.87,0.99,8.91,0.99,9.8,0.98,9.92,0.98,9.9,0.98,9.73,0.98,11.03,0.98,8.71,0.99,8.88,0.99,9.03,0.99,9.09,0.99,8.98,0.99,27.47,27.08,29.2,29.13,Apparent arithmetic margin only: firm capacity minus reported actual/forecast MVA; not guaranteed connection headroom.
zone_substation|GATESHEAD|33/11kV,zone_substation,GATESHEAD,33/11kV,44.35,24.08,17.008191789393496,0.75,9.698875,1.88825,44.35,24.41,13.217411370850172,0.0,9.114405,1.88825,17.87,0.9,17.39,0.9,20.28,0.9,14.9,0.9,14.8,0.9,15.76,0.9,17.28,0.9,17.65,0.9,17.43,0.9,17.44,0.9,17.8,0.9,16.09,0.9,15.81,0.9,16.26,0.9,16.1,0.9,16.18,0.9,3.8,6.28,8.65,8.23,Apparent arithmetic margin only: firm capacity minus reported actual/forecast MVA; not guaranteed connection headroom.
zone_substation|GORE HILL|33/11kV,zone_substation,GORE HILL,33/11kV,137.86,92.2,28.894137150271593,3.0,4.31519,0.0,139.01,92.2,28.070429008793916,0.75,3.963125,0.0,42.7,0.97,46.64,0.9,44.9,0.97,42.8,0.92,41.4,0.9,43.62,0.97,48.61,0.97,48.86,0.97,48.67,0.97,48.27,0.97,48.68,0.97,46.93,0.97,47.94,0.97,48.9,0.97,49.54,0.97,50.16,0.97,47.3,43.52,48.58,42.04,Apparent arithmetic margin only: firm capacity minus reported actual/forecast MVA; not guaranteed connection headroom.
zone_substation|GREEN SQUARE|132/11kV,zone_substation,GREEN SQUARE,132/11kV,171.47,114.32,36.2,1.25,6.65482,0.0,171.47,114.32,27.2,0.0,5.68034,0.0,54.77,0.99,64.25,1.0,63.84,1.0,44.61,1.0,43.99,1.0,49.74,1.0,54.23,1.0,54.77,1.0,56.09,1.0,58.03,1.0,58.42,1.0,46.15,1.0,48.05,1.0,49.75,1.0,52.21,1.0,55.41,1.0,50.48,55.9,64.58,58.91,Apparent arithmetic margin only: firm capacity minus reported actual/forecast MVA; not guaranteed connection headroom.
zone_substation|GREENACRE|132/11kV,zone_substation,GREENACRE,132/11kV,128.95,62.3,0.0,3.75,15.740125,0.00748,132.47,64.97,0.0,0.0,14.7756,0.00748,53.56,0.9,62.5,0.9,64.62,0.9,4.96,0.9,39.62,0.9,45.77,0.9,65.2,0.9,66.43,0.9,67.9,0.9,69.33,0.9,71.27,0.9,45.19,0.9,45.2,0.9,46.47,0.9,47.91,0.9,48.82,0.9,-2.32,-8.97,19.2,16.15,Apparent arithmetic margin only: firm capacity minus reported actual/forecast MVA; not guaranteed connection headroom.
zone_substation|HARBORD|33/11kV,zone_substation,HARBORD,33/11kV,76.21,38.11,18.3,0.0,13.546584,0.0,76.21,38.11,23.8,2.75,12.301694,0.0,18.06,0.92,21.91,0.9,21.48,0.96,22.38,0.96,23.78,0.9,24.77,0.96,19.48,0.96,19.72,0.96,19.6,0.96,19.37,0.96,19.18,0.96,24.0,0.96,23.77,0.96,24.14,0.96,24.01,0.96,23.76,0.96,16.63,18.93,13.34,14.35,Apparent arithmetic margin only: firm capacity minus reported actual/forecast MVA; not guaranteed connection headroom.
zone_substation|HOMEBUSH BAY|132/11kV,zone_substation,HOMEBUSH BAY,132/11kV,106.71,53.18,37.26249256274605,2.25,4.310085,0.0,115.06,57.44,28.119701020216986,0.0,4.06755,0.0,40.72,0.98,45.74,1.0,43.12,1.0,32.52,1.0,33.06,0.9,32.54,1.0,41.98,1.0,42.31,1.0,42.17,1.0,42.67,1.0,43.01,1.0,32.59,0.98,32.87,0.98,33.9,0.98,34.47,0.98,35.53,0.98,10.06,10.17,24.9,21.91,Apparent arithmetic margin only: firm capacity minus reported actual/forecast MVA; not guaranteed connection headroom.
zone_substation|HORNSBY|132/11kV,zone_substation,HORNSBY,132/11kV,171.47,114.32,28.662014824651713,1.0,27.76904,0.55431,171.47,114.32,25.239422729852524,0.0,25.138205,0.55431,59.19,0.99,66.05,0.9,65.32,0.99,63.29,0.99,57.24,0.9,57.52,0.99,61.64,0.96,62.29,0.96,62.47,0.96,62.99,0.96,63.35,0.96,58.47,0.95,58.84,0.95,60.38,0.95,61.5,0.95,62.96,0.95,49.0,50.97,56.8,51.36,Apparent arithmetic margin only: firm capacity minus reported actual/forecast MVA; not guaranteed connection headroom.
zone_substation|HUNTERS HILL|66/11kV,zone_substation,HUNTERS HILL,66/11kV,113.48,72.25,29.16095950915867,0.25,20.07722,0.0047,113.48,72.25,24.371464274751887,0.0,18.372635,0.0047,63.17,1.0,52.45,1.0,55.71,1.0,49.73,0.99,46.5,1.0,46.56,1.0,55.69,1.0,56.47,1.0,56.29,1.0,56.46,1.0,56.07,1.0,48.29,1.0,47.83,1.0,48.63,1.0,48.79,1.0,49.06,1.0,16.54,16.18,25.69,23.19,Apparent arithmetic margin only: firm capacity minus reported actual/forecast MVA; not guaranteed connection headroom.
zone_substation|HURSTVILLE NORTH|132/11kV,zone_substation,HURSTVILLE NORTH,132/11kV,109.3,59.56,15.848769825001972,5.5,9.82594,0.0,109.3,59.56,14.849560682790617,0.0,8.841215,0.0,22.91,0.99,22.77,0.99,21.73,1.0,19.49,1.0,18.17,1.0,20.36,1.0,23.15,0.97,23.3,0.97,23.17,0.97,23.0,0.97,23.28,0.97,20.65,0.98,20.96,0.98,21.41,0.98,21.6,0.98,21.47,0.98,37.83,36.28,39.2,38.09,Apparent arithmetic margin only: firm capacity minus reported actual/forecast MVA; not guaranteed connection headroom.
zone_substation|JANNALI|33/11kV,zone_substation,JANNALI,33/11kV,63.83,38.11,20.074335864387024,2.25,18.148585,0.0,63.83,38.11,17.455313368165946,0.0,16.49154,0.0,31.08,0.9,29.52,1.0,27.67,1.0,33.61,0.9,26.78,1.0,24.06,1.0,28.59,1.0,29.37,1.0,29.28,1.0,29.28,1.0,29.38,1.0,28.17,1.0,27.69,1.0,28.2,1.0,27.84,1.0,27.55,1.0,10.44,8.73,14.05,10.56,Apparent arithmetic margin only: firm capacity minus reported actual/forecast MVA; not guaranteed connection headroom.
zone_substation|JESMOND|132/11kV,zone_substation,JESMOND,132/11kV,107.49,57.48,41.91714579450192,0.75,21.419435,0.34255,107.49,57.48,28.557851728359978,0.0,19.71805,0.34255,42.79,0.99,47.17,1.0,51.05,1.0,34.29,1.0,32.11,1.0,34.78,1.0,44.92,1.0,43.74,1.0,44.02,1.0,43.48,1.0,42.9,1.0,35.28,1.0,35.49,1.0,35.0,1.0,35.44,1.0,35.25,1.0,6.43,14.58,22.7,22.23,Apparent arithmetic margin only: firm capacity minus reported actual/forecast MVA; not guaranteed connection headroom.
zone_substation|JEWELLS|33/11kV,zone_substation,JEWELLS,33/11kV,30.8,16.9,18.13,0.5,11.191115,0.0,32.5,18.1,11.97,0.0,10.408655,0.0,15.77,0.99,14.6,1.0,18.13,0.99,12.09,1.0,11.7,1.0,11.97,1.0,16.1,1.0,16.77,1.0,16.68,1.0,16.6,1.0,16.6,1.0,12.69,1.0,12.61,1.0,13.18,1.0,13.23,1.0,13.2,1.0,-1.23,0.3,6.13,4.9,Apparent arithmetic margin only: firm capacity minus reported actual/forecast MVA; not guaranteed connection headroom.
zone_substation|KILLARNEY|33/11kV,zone_substation,KILLARNEY,33/11kV,21.09,21.09,0.0,0.25,9.690675,0.0,21.09,21.09,0.0,0.0,8.72506,0.0,14.38,0.99,13.95,0.9,14.65,0.99,13.85,0.98,12.76,0.9,13.01,0.99,12.74,0.99,12.91,0.99,12.86,0.99,12.78,0.99,14.05,0.99,12.12,0.99,12.15,0.99,12.31,0.99,12.24,0.99,12.12,0.99,6.44,7.04,8.08,8.97,Apparent arithmetic margin only: firm capacity minus reported actual/forecast MVA; not guaranteed connection headroom.
zone_substation|KINGSFORD|132/11kV,zone_substation,KINGSFORD,132/11kV,124.64,62.24,25.165885372081316,0.5,13.803474,5.76505,124.64,65.01,26.102248931283494,14.25,12.41396,5.76505,54.85,1.0,57.04,1.0,56.44,1.0,57.98,1.0,57.43,1.0,58.54,1.0,64.41,1.0,65.65,1.0,66.61,1.0,66.35,1.0,65.64,1.0,61.7,1.0,65.93,1.0,67.58,1.0,68.63,1.0,68.6,1.0,5.8,-3.4,6.47,-3.59,Apparent arithmetic margin only: firm capacity minus reported actual/forecast MVA; not guaranteed connection headroom.
zone_substation|KIRRAWEE|132/11kV,zone_substation,KIRRAWEE,132/11kV,76.21,42.87,20.599516697133165,0.25,15.221195,0.0018,76.21,42.87,21.528903420195018,5.25,14.145555,0.0018,37.87,0.99,37.69,0.9,36.35,1.0,39.56,1.0,37.09,0.9,37.99,1.0,33.02,1.0,33.79,1.0,33.8,1.0,34.06,1.0,35.23,1.0,35.99,1.0,36.31,1.0,37.06,1.0,37.12,1.0,37.39,1.0,6.52,7.64,4.88,5.48,Apparent arithmetic margin only: firm capacity minus reported actual/forecast MVA; not guaranteed connection headroom.
zone_substation|KOGARAH|132/11kV,zone_substation,KOGARAH,132/11kV,170.83,114.32,52.946694748540146,1.0,17.864325,0.0,170.83,114.32,47.1356772658144,0.0,16.28615,0.0,65.67,0.99,69.09,0.9,62.96,0.99,59.92,1.0,56.71,0.9,56.05,1.0,60.79,0.99,61.34,0.99,61.46,0.99,62.4,0.99,63.48,0.99,55.69,0.99,55.35,0.99,56.08,0.99,56.39,0.99,57.35,0.99,51.36,50.84,58.27,56.97,Apparent arithmetic margin only: firm capacity minus reported actual/forecast MVA; not guaranteed connection headroom.
zone_substation|KOTARA|33/11kV,zone_substation,KOTARA,33/11kV,37.32,30.81,0.0,0.5,10.92506,0.0,38.11,33.89,0.0,0.0,10.276655,0.0,21.37,1.0,23.36,0.99,22.72,0.99,15.63,1.0,14.42,1.0,15.22,0.99,19.56,0.99,19.69,0.99,19.52,0.99,19.36,0.99,19.32,0.99,15.77,1.0,15.61,1.0,15.71,1.0,15.57,1.0,15.45,1.0,8.09,11.49,18.67,18.44,Apparent arithmetic margin only: firm capacity minus reported actual/forecast MVA; not guaranteed connection headroom.
zone_substation|KURNELL SOUTH|132/11kV,zone_substation,KURNELL SOUTH,132/11kV,76.21,38.11,1.2084852712502618,0.0,2.644055,0.0,76.21,38.11,1.2701659939794812,5.25,2.539735,0.0,5.77,0.98,7.42,0.9,5.29,0.98,5.49,0.94,5.15,0.9,5.56,0.98,5.95,0.98,6.47,0.98,6.85,0.98,6.85,0.98,6.71,0.98,5.79,0.98,5.82,0.98,6.4,0.98,6.91,0.98,7.04,0.98,32.82,31.4,32.55,31.07,Apparent arithmetic margin only: firm capacity minus reported actual/forecast MVA; not guaranteed connection headroom.
zone_substation|KURRI|132/11kV,zone_substation,KURRI,132/11kV,104.2,57.27,14.643940386700361,0.75,22.62159,0.34037,104.2,57.27,9.402652047573618,0.0,21.06592,0.01037,29.22,0.98,34.11,0.9,36.07,0.98,22.32,1.0,23.37,0.9,23.16,0.98,31.07,0.98,32.85,0.98,32.9,0.98,35.54,0.98,35.86,0.98,22.77,0.98,22.5,0.98,23.8,0.98,23.69,0.98,26.06,0.98,21.2,21.41,34.11,31.21,Apparent arithmetic margin only: firm capacity minus reported actual/forecast MVA; not guaranteed connection headroom.
zone_substation|LAKE MUNMORAH|132/11kV,zone_substation,LAKE MUNMORAH,132/11kV,76.21,38.11,8.605530727161915,0.75,17.555375,0.0066,76.21,38.11,6.005253015690915,0.0,16.499905,0.0066,23.25,0.99,21.93,1.0,27.27,1.0,19.21,1.0,18.74,1.0,19.03,1.0,26.34,1.0,26.74,1.0,27.28,1.0,27.32,1.0,27.68,1.0,21.44,1.0,21.01,1.0,21.19,1.0,21.52,1.0,21.44,1.0,10.84,10.43,19.08,16.67,Apparent arithmetic margin only: firm capacity minus reported actual/forecast MVA; not guaranteed connection headroom.
zone_substation|LEICHHARDT|132/11kV,zone_substation,LEICHHARDT,132/11kV,109.32,59.5,20.71449888869355,0.0,10.35474,0.0,120.26,62.51,23.228452915639192,4.75,9.22788,0.0,36.29,1.0,35.46,1.0,34.36,1.0,40.21,1.0,37.9,1.0,38.53,1.0,33.61,1.0,33.49,1.0,32.87,1.0,34.0,1.0,33.34,1.0,39.61,1.0,39.69,1.0,40.06,1.0,39.84,1.0,41.23,1.0,25.14,26.16,23.98,21.28,Apparent arithmetic margin only: firm capacity minus reported actual/forecast MVA; not guaranteed connection headroom.
zone_substation|LEIGHTONFIELD|33/11kV,zone_substation,LEIGHTONFIELD,33/11kV,38.37,22.86,10.729445159443388,1.25,8.301985,0.0,38.37,22.86,8.604802553613014,0.0,7.941335,0.0,20.15,0.95,22.04,1.0,21.21,1.0,18.51,0.97,18.24,1.0,17.01,1.0,22.17,1.0,22.37,1.0,23.7,1.0,24.74,1.0,26.99,1.0,19.7,1.0,20.43,1.0,20.72,1.0,22.11,1.0,23.18,1.0,1.65,-4.13,5.85,-0.32,Apparent arithmetic margin only: firm capacity minus reported actual/forecast MVA; not guaranteed connection headroom.
zone_substation|LIDCOMBE|33/11kV,zone_substation,LIDCOMBE,33/11kV,54.09,33.41,0.0,0.5,8.22987,0.0,55.19,33.41,0.0,0.0,7.939005,0.0,17.78,0.91,22.82,0.9,24.27,0.91,15.57,0.96,14.13,0.9,15.35,0.91,24.92,0.91,26.98,0.91,28.19,0.91,28.14,0.91,28.56,0.91,16.48,0.91,17.83,0.91,19.99,0.91,21.42,0.91,21.61,0.91,9.14,4.85,18.06,11.8,Apparent arithmetic margin only: firm capacity minus reported actual/forecast MVA; not guaranteed connection headroom.
zone_substation|LINDFIELD|33/11kV,zone_substation,LINDFIELD,33/11kV,66.34,36.81,28.53029612758485,0.5,15.04563,0.009,72.97,40.49,26.535959943514687,0.0,13.63355,0.0,29.67,0.88,31.69,0.9,37.91,0.85,29.14,0.84,31.03,0.9,35.26,0.84,30.72,0.88,31.28,0.88,30.93,0.88,31.37,0.88,32.37,0.88,32.8,0.88,32.61,0.88,33.31,0.88,33.01,0.88,33.45,0.88,-1.1,4.44,5.23,7.04,Apparent arithmetic margin only: firm capacity minus reported actual/forecast MVA; not guaranteed connection headroom.
zone_substation|LISAROW|33/11kV,zone_substation,LISAROW,33/11kV,47.63,23.82,10.153116073615381,0.25,13.759005,0.00616,47.63,23.82,9.014320622115278,0.0,12.694245,0.00616,22.44,0.99,25.11,0.9,22.2,0.99,19.62,0.99,18.83,0.9,19.71,0.99,22.98,0.99,23.41,0.99,23.88,0.99,24.34,0.99,24.37,0.99,19.31,0.99,19.01,0.99,19.24,0.99,19.56,0.99,19.89,0.99,1.62,-0.55,4.11,3.93,Apparent arithmetic margin only: firm capacity minus reported actual/forecast MVA; not guaranteed connection headroom.
zone_substation|LONG JETTY|66/11kV,zone_substation,LONG JETTY,66/11kV,114.32,71.69,6.5190718451506235,0.5,27.71136,0.0,114.32,76.21,6.243639899165148,0.5,26.041805,0.0,42.93,0.9,40.17,0.9,42.13,0.9,41.36,0.9,39.32,0.9,40.35,0.9,44.41,0.9,44.78,0.9,44.47,0.9,46.59,0.9,46.49,0.9,45.87,0.9,45.47,0.9,46.02,0.9,45.94,0.9,47.82,0.9,29.56,25.2,35.86,28.39,Apparent arithmetic margin only: firm capacity minus reported actual/forecast MVA; not guaranteed connection headroom.
zone_substation|MACQUARIE PARK|132/11kV,zone_substation,MACQUARIE PARK,132/11kV,171.47,114.32,23.4,4.25,4.111265,1.52,171.47,114.32,17.0,0.0,3.90998,1.52,65.22,0.99,62.9,0.99,61.84,0.99,54.76,0.99,47.35,1.0,45.4,1.0,54.28,0.99,53.49,0.99,53.81,0.99,55.54,0.99,55.88,0.99,46.34,1.0,47.87,1.0,47.76,1.0,48.63,1.0,50.72,1.0,52.48,58.44,68.92,63.6,Apparent arithmetic margin only: firm capacity minus reported actual/forecast MVA; not guaranteed connection headroom.
zone_substation|MAITLAND|33/11kV,zone_substation,MAITLAND,33/11kV,76.21,38.11,4.3,0.5,14.945781,0.0159,76.21,38.11,2.4,0.0,14.084986,0.0159,23.55,0.98,26.54,0.98,28.88,0.99,16.22,1.0,15.77,1.0,16.27,1.0,22.32,0.98,22.57,0.98,22.47,0.98,22.4,0.98,22.41,0.98,16.58,1.0,16.85,1.0,17.13,1.0,17.07,1.0,17.16,1.0,9.23,15.7,21.84,20.95,Apparent arithmetic margin only: firm capacity minus reported actual/forecast MVA; not guaranteed connection headroom.
zone_substation|MANLY|33/11kV,zone_substation,MANLY,33/11kV,47.631,23.816,0.0,0.0,3.136165,0.01452,47.631,23.816,0.0,5.5,2.856425,0.01452,15.51,0.91,15.29,1.0,14.32,1.0,20.71,0.95,16.44,1.0,17.36,1.0,16.0,1.0,16.42,1.0,16.42,1.0,16.37,1.0,16.43,1.0,17.68,1.0,17.52,1.0,17.98,1.0,18.06,1.0,17.94,1.0,9.496,7.386,6.456,5.876,Apparent arithmetic margin only: firm capacity minus reported actual/forecast MVA; not guaranteed connection headroom.
zone_substation|MAROUBRA|132/11kV,zone_substation,MAROUBRA,132/11kV,150.55,102.77,9.317432940339598,0.0,10.90698,0.34,150.55,102.77,10.458291925230482,18.0,10.202,0.34,42.41,0.9,46.96,0.9,37.16,0.98,44.53,0.9,42.81,0.9,41.71,0.99,49.91,0.9,50.8,0.9,54.58,0.9,54.43,0.9,54.35,0.9,53.48,0.9,53.64,0.9,54.59,0.9,58.21,0.9,58.3,0.9,65.61,48.42,61.06,44.47,Apparent arithmetic margin only: firm capacity minus reported actual/forecast MVA; not guaranteed connection headroom.
zone_substation|MARRICKVILLE|132/11kV,zone_substation,MARRICKVILLE,132/11kV,114.32,71.89,27.8,0.25,18.18745,0.02199,114.32,71.89,29.7,3.0,16.92575,0.02199,44.89,0.99,47.21,0.99,49.83,0.99,49.27,1.0,46.85,1.0,49.06,1.0,50.25,0.99,50.35,0.99,51.15,0.99,50.64,0.99,53.17,0.99,51.62,1.0,52.0,1.0,52.54,1.0,53.48,1.0,53.53,1.0,22.06,18.72,22.83,18.36,Apparent arithmetic margin only: firm capacity minus reported actual/forecast MVA; not guaranteed connection headroom.
zone_substation|MARYLAND|132/11kV,zone_substation,MARYLAND,132/11kV,76.21,38.11,15.633450498269497,0.5,26.323257,4.5045,76.21,38.11,8.351525387119779,0.0,25.12325,4.5045,25.41,0.99,26.24,0.99,28.94,1.0,14.91,1.0,14.3,1.0,15.46,1.0,22.41,0.99,22.81,0.99,23.12,0.99,23.03,0.99,23.11,0.99,15.62,1.0,15.35,1.0,15.66,1.0,15.9,1.0,15.77,1.0,9.17,15.0,22.65,22.34,Apparent arithmetic margin only: firm capacity minus reported actual/forecast MVA; not guaranteed connection headroom.
zone_substation|MASCOT|33/11kV,zone_substation,MASCOT,33/11kV,103.62,78.44,24.9,0.25,3.748385,2.0,105.07,81.92,18.6,0.0,3.485085,0.0,33.22,0.97,30.48,0.9,32.74,0.97,28.51,1.0,24.34,0.9,23.89,0.97,30.86,0.97,31.14,0.97,31.84,0.97,32.86,0.97,33.12,0.97,23.39,0.97,25.46,0.97,26.17,0.97,27.52,0.97,29.01,0.97,45.7,45.32,58.03,52.91,Apparent arithmetic margin only: firm capacity minus reported actual/forecast MVA; not guaranteed connection headroom.
zone_substation|MAYFIELD WEST|132/11kV,zone_substation,MAYFIELD WEST,132/11kV,126.38,62.59,8.3,1.5,9.156925,7.16,126.38,65.01,7.3,0.0,8.51886,6.94,21.55,0.97,23.09,0.98,22.19,0.98,19.28,0.97,19.8,0.98,18.61,0.98,21.73,0.98,19.24,0.98,18.75,0.98,18.87,0.98,20.0,0.98,21.5,0.98,22.08,0.98,20.25,0.98,20.09,0.98,20.51,0.98,40.4,42.59,46.4,44.5,Apparent arithmetic margin only: firm capacity minus reported actual/forecast MVA; not guaranteed connection headroom.
zone_substation|MEADOWBANK|132/11kV,zone_substation,MEADOWBANK,132/11kV,152.82,103.84,31.8,1.25,20.478525,0.02405,157.72,108.66,23.6,0.0,18.60848,0.02405,66.07,0.95,70.52,0.9,66.1,1.0,54.8,0.98,50.43,0.9,51.98,1.0,69.22,0.95,69.97,0.95,69.69,0.95,69.88,0.95,71.09,0.95,56.78,0.95,57.43,0.95,57.99,0.95,57.81,0.95,57.85,0.95,37.74,32.75,56.68,50.81,Apparent arithmetic margin only: firm capacity minus reported actual/forecast MVA; not guaranteed connection headroom.
zone_substation|MEDOWIE|33/11kV,zone_substation,MEDOWIE,33/11kV,73.03,38.11,8.536675243984792,0.5,15.173605,0.0,73.03,38.11,5.082555706789441,0.0,14.062055,0.0,15.09,0.99,16.52,0.99,18.61,0.99,10.51,1.0,10.67,1.0,11.08,1.0,14.72,0.99,15.12,0.99,15.15,0.99,15.49,0.99,16.25,0.99,11.42,1.0,11.3,1.0,11.52,1.0,11.43,1.0,11.64,1.0,19.5,21.86,27.03,26.47,Apparent arithmetic margin only: firm capacity minus reported actual/forecast MVA; not guaranteed connection headroom.
zone_substation|MENAI|132/11kV,zone_substation,MENAI,132/11kV,121.44,60.72,12.314770631512827,3.5,27.07776,0.02014,130.01,65.01,12.148721165100023,4.5,25.27419,0.02014,41.7,0.99,43.23,1.0,36.34,1.0,36.51,0.99,33.87,0.9,35.85,1.0,35.0,1.0,35.6,1.0,35.4,1.0,36.78,1.0,36.73,1.0,32.64,0.99,31.88,0.99,32.26,0.99,31.9,0.99,33.11,0.99,24.38,23.99,29.16,31.9,Apparent arithmetic margin only: firm capacity minus reported actual/forecast MVA; not guaranteed connection headroom.
zone_substation|MERRIWA|33/11kV,zone_substation,MERRIWA,33/11kV,6.94,0.0,0.10405749466373856,1.75,1.972555,0.0216,7.62,0.0,0.07441687497164334,0.0,1.90389,0.0216,3.2,0.99,2.62,0.99,1.65,1.0,2.88,1.0,2.84,1.0,1.18,0.99,3.82,0.99,3.92,0.99,3.97,0.99,4.2,0.99,4.24,0.99,2.98,1.0,2.95,1.0,3.02,1.0,3.04,1.0,3.26,1.0,-1.65,-4.24,-1.18,-3.26,Apparent arithmetic margin only: firm capacity minus reported actual/forecast MVA; not guaranteed connection headroom.
zone_substation|METFORD|33/11kV,zone_substation,METFORD,33/11kV,79.01,41.59,21.8,0.25,25.142306,2.1,79.01,41.59,15.4,0.0,23.770736,2.1,41.68,0.99,48.84,0.99,48.08,0.99,30.62,1.0,28.52,1.0,28.62,1.0,34.68,0.99,35.02,0.99,34.97,0.99,34.88,0.99,34.79,0.99,30.47,1.0,29.07,1.0,29.34,1.0,29.3,1.0,29.19,1.0,-6.49,6.8,12.97,12.4,Apparent arithmetic margin only: firm capacity minus reported actual/forecast MVA; not guaranteed connection headroom.
zone_substation|MILPERRA|132/11kV,zone_substation,MILPERRA,132/11kV,123.19,61.18,33.225914277008584,1.0,19.6086,0.0,123.19,64.61,27.64535392556024,0.0,17.417575,0.0,43.3,0.97,38.99,0.9,43.88,0.97,41.3,0.97,34.85,0.9,36.51,0.97,39.59,0.97,41.76,0.97,43.59,0.97,45.68,0.97,45.7,0.97,38.22,0.97,40.73,0.97,44.0,0.97,47.04,0.97,49.89,0.97,17.3,15.48,28.1,14.72,Apparent arithmetic margin only: firm capacity minus reported actual/forecast MVA; not guaranteed connection headroom.
zone_substation|MIRANDA|33/11kV,zone_substation,MIRANDA,33/11kV,71.91,41.97,18.573222875360457,2.0,10.10023,0.0102,71.91,41.97,16.855815263865765,0.0,9.027455,0.0102,32.27,0.96,34.08,0.9,30.93,0.96,28.26,0.98,27.37,0.9,28.07,0.96,33.51,0.96,33.71,0.96,33.41,0.96,33.54,0.96,33.35,0.96,27.72,0.96,27.55,0.96,27.7,0.96,27.47,0.96,27.52,0.96,11.04,8.62,13.9,14.45,Apparent arithmetic margin only: firm capacity minus reported actual/forecast MVA; not guaranteed connection headroom.
zone_substation|MITCHELL LINE|66/11kV,zone_substation,MITCHELL LINE,66/11kV,47.63,23.82,8.232447887785064,2.75,5.025515,0.0,47.63,23.82,6.383552972088653,0.0,4.37272,0.0,7.56,1.0,8.8,0.99,8.46,1.0,7.46,1.0,7.23,1.0,6.56,1.0,8.39,0.99,8.61,0.99,8.86,0.99,9.01,0.99,9.12,0.99,7.38,1.0,7.65,1.0,7.87,1.0,8.09,1.0,8.26,1.0,15.36,14.7,17.26,15.56,Apparent arithmetic margin only: firm capacity minus reported actual/forecast MVA; not guaranteed connection headroom.
zone_substation|MITCHELLS FLAT|66/11kV,zone_substation,MITCHELLS FLAT,66/11kV,6.69,0.0,1.2606072230670269,1.75,1.49701,0.0,6.74,0.0,0.7577420466523113,0.0,1.38545,0.0,1.57,1.0,1.81,1.0,1.83,1.0,1.1,1.0,1.08,0.99,1.1,0.99,1.26,1.0,1.28,1.0,1.31,1.0,1.3,1.0,1.28,1.0,1.18,0.99,1.17,0.99,1.19,0.99,1.2,0.99,1.19,0.99,-1.83,-1.28,-1.1,-1.19,Apparent arithmetic margin only: firm capacity minus reported actual/forecast MVA; not guaranteed connection headroom.
zone_substation|MONA VALE|33/11kV,zone_substation,MONA VALE,33/11kV,104.64,57.41,13.193266238181916,0.5,15.933576,1.021,105.35,59.57,12.370122813571031,0.0,14.486206,1.021,34.82,0.9,33.18,0.9,34.46,0.9,32.91,0.9,30.53,0.9,32.31,0.9,31.98,0.9,32.7,0.9,32.48,0.9,32.09,0.9,31.72,0.9,33.23,0.9,33.74,0.9,34.74,0.9,34.6,0.9,34.27,0.9,22.95,25.69,27.26,25.3,Apparent arithmetic margin only: firm capacity minus reported actual/forecast MVA; not guaranteed connection headroom.
zone_substation|MOONAN|33/11kV,zone_substation,MOONAN,33/11kV,6.94,2.86,0.032400865502253996,0.75,0.24469,0.0,7.62,3.14,0.03282165596332223,5.75,0.24317,0.0,0.87,0.9,0.98,0.9,0.77,0.9,0.92,0.9,0.87,0.9,0.78,0.9,1.09,0.9,1.13,0.9,1.17,0.9,1.2,0.9,1.2,0.9,1.02,0.9,1.05,0.9,1.14,0.9,1.15,0.9,1.19,0.9,2.09,1.66,2.36,1.95,Apparent arithmetic margin only: firm capacity minus reported actual/forecast MVA; not guaranteed connection headroom.
zone_substation|MORISSET|132/11kV,zone_substation,MORISSET,132/11kV,76.21,38.11,9.812040805899917,0.5,21.60275,0.21,76.21,38.11,6.55345177670703,0.0,20.432825,0.21,26.3,0.99,27.92,0.99,32.46,0.99,20.91,1.0,20.74,1.0,21.68,1.0,29.27,0.99,30.86,0.99,31.93,0.99,32.11,0.99,32.27,0.99,22.2,1.0,22.76,1.0,24.09,1.0,25.18,1.0,25.34,1.0,5.65,5.84,16.43,12.77,Apparent arithmetic margin only: firm capacity minus reported actual/forecast MVA; not guaranteed connection headroom.
zone_substation|MORTDALE|33/11kV,zone_substation,MORTDALE,33/11kV,114.32,64.25,18.690406452712914,3.25,21.531128,0.2,114.32,70.68,17.05005965932413,0.0,19.626733,0.2,43.83,0.99,47.61,0.9,43.07,0.99,41.78,1.0,39.1,0.9,39.29,0.99,42.41,0.99,43.13,0.99,42.78,0.99,42.52,0.99,42.45,0.99,37.39,0.99,36.72,0.99,37.35,0.99,37.2,0.99,36.98,0.99,21.18,21.8,31.39,33.7,Apparent arithmetic margin only: firm capacity minus reported actual/forecast MVA; not guaranteed connection headroom.
zone_substation|MOSMAN|132/11kV,zone_substation,MOSMAN,132/11kV,152.42,82.46,26.93594328123693,0.0,17.47794,0.173,152.42,89.05,31.248577776989126,8.75,15.79664,0.173,66.28,1.0,63.13,0.9,63.52,1.0,75.13,1.0,68.96,0.9,73.69,1.0,55.0,1.0,55.66,1.0,55.1,1.0,54.34,1.0,53.6,1.0,67.03,1.0,66.19,1.0,67.52,1.0,67.31,1.0,66.9,1.0,18.94,28.86,15.36,22.15,Apparent arithmetic margin only: firm capacity minus reported actual/forecast MVA; not guaranteed connection headroom.
zone_substation|MOUNT HUTTON|33/11kV,zone_substation,MOUNT HUTTON,33/11kV,52.01,26.01,21.44,0.75,11.979995,0.0,52.01,26.01,13.58,0.0,11.191985,0.0,18.21,1.0,18.99,0.9,21.44,0.99,13.96,1.0,12.65,0.9,13.58,0.99,15.64,1.0,15.93,1.0,15.86,1.0,15.81,1.0,16.18,1.0,12.6,1.0,12.33,1.0,12.47,1.0,12.33,1.0,12.2,1.0,4.57,9.83,12.43,13.81,Apparent arithmetic margin only: firm capacity minus reported actual/forecast MVA; not guaranteed connection headroom.
zone_substation|MUSWELLBROOK|33/11kV,zone_substation,MUSWELLBROOK,33/11kV,47.63,23.82,0.0,2.75,8.321345,0.0,47.63,23.82,0.0,0.0,7.891645,0.0,15.51,0.9,17.46,0.9,17.94,0.9,13.22,0.9,13.11,0.9,13.93,0.9,16.85,0.9,17.07,0.9,17.53,0.9,17.44,0.9,17.48,0.9,15.94,0.9,16.24,0.9,16.47,0.9,16.8,0.9,17.07,0.9,5.88,6.34,9.89,6.75,Apparent arithmetic margin only: firm capacity minus reported actual/forecast MVA; not guaranteed connection headroom.
zone_substation|NARRABEEN|33/11kV,zone_substation,NARRABEEN,33/11kV,20.25,19.62,0.0,0.5,7.650971,0.0,20.25,21.05,0.0,6.0,6.967411,0.0,13.03,0.94,15.01,0.9,12.85,0.96,12.97,0.96,12.35,0.9,12.66,0.96,13.2,0.96,13.3,0.96,13.34,0.96,13.31,0.96,13.27,0.96,12.42,0.96,12.2,0.96,12.29,0.96,12.32,0.96,12.28,0.96,6.77,6.35,8.39,8.77,Apparent arithmetic margin only: firm capacity minus reported actual/forecast MVA; not guaranteed connection headroom.
zone_substation|NELSON BAY|33/11kV,zone_substation,NELSON BAY,33/11kV,65.56,45.73,11.644436719707059,1.0,18.26115,0.0,68.59,45.73,10.496588444486529,0.0,17.096425,0.0,22.74,1.0,28.02,0.99,25.26,1.0,22.91,1.0,20.83,1.0,22.77,1.0,29.71,0.97,30.92,0.97,31.06,0.97,30.92,0.97,31.07,0.97,23.48,0.98,23.32,0.98,24.3,0.98,24.26,0.98,24.53,0.98,20.47,14.66,22.96,21.2,Apparent arithmetic margin only: firm capacity minus reported actual/forecast MVA; not guaranteed connection headroom.
zone_substation|NEW LAMBTON|33/11kV,zone_substation,NEW LAMBTON,33/11kV,44.35,23.59,8.30153747939577,0.75,6.35181,0.01,47.17,23.59,4.9545684004012855,0.0,5.845335,0.01,16.71,0.96,17.55,0.99,18.9,0.99,11.87,0.97,11.32,1.0,11.28,1.0,16.05,0.99,16.26,0.99,16.22,0.99,16.18,0.99,16.16,0.99,12.44,1.0,12.51,1.0,12.73,1.0,12.73,1.0,12.72,1.0,4.69,7.43,12.31,10.87,Apparent arithmetic margin only: firm capacity minus reported actual/forecast MVA; not guaranteed connection headroom.
zone_substation|NEWCASTLE CBD|33/11kV,zone_substation,NEWCASTLE CBD,33/11kV,112.77,76.21,22.6,3.5,10.28154,0.532,112.77,76.21,16.4,0.0,9.528645,0.22,43.35,0.99,47.36,0.99,49.34,0.99,34.62,1.0,29.36,1.0,34.78,1.0,46.96,0.99,47.0,0.99,46.93,0.99,46.64,0.99,46.83,0.99,31.41,1.0,31.4,1.0,31.72,1.0,32.11,1.0,32.38,1.0,26.87,29.38,41.43,43.83,Apparent arithmetic margin only: firm capacity minus reported actual/forecast MVA; not guaranteed connection headroom.
zone_substation|NEWPORT|33/11kV,zone_substation,NEWPORT,33/11kV,22.55,20.75,12.241204298316873,0.25,7.094795,0.0,22.59,22.38,12.848353745644042,5.5,6.48199,0.0,13.89,0.99,14.43,0.9,13.71,0.98,15.63,0.98,18.33,0.9,14.39,0.98,12.88,0.98,13.0,0.98,12.87,0.98,12.78,0.98,12.73,0.98,16.16,0.98,15.97,0.98,16.17,0.98,16.04,0.98,15.91,0.98,7.04,8.02,7.99,6.47,Apparent arithmetic margin only: firm capacity minus reported actual/forecast MVA; not guaranteed connection headroom.
zone_substation|NORAVILLE|33/11kV,zone_substation,NORAVILLE,33/11kV,47.44,32.2,12.840845295631269,2.0,16.130315,0.0066,52.01,34.68,12.541695932700078,4.0,15.232695,0.0066,24.87,0.94,22.29,0.9,22.75,0.98,24.12,0.98,22.31,0.9,22.22,0.98,21.28,0.98,21.85,0.98,21.74,0.98,21.69,0.98,22.21,0.98,22.93,0.98,22.62,0.98,23.28,0.98,23.18,0.98,23.11,0.98,9.45,9.99,12.46,11.57,Apparent arithmetic margin only: firm capacity minus reported actual/forecast MVA; not guaranteed connection headroom.
zone_substation|NORTH HEAD|33/11kV,zone_substation,NORTH HEAD,33/11kV,44.28,18.69,6.112041877580638,0.0,1.176945,2.1,47.17,20.14,7.334450253096766,4.25,1.060855,2.1,17.21,0.92,18.01,0.9,15.5,0.92,15.09,0.93,12.33,0.9,18.6,0.92,15.85,0.92,15.76,0.92,15.65,0.92,15.57,0.92,15.45,0.92,17.56,0.92,17.67,0.92,17.66,0.92,17.6,0.92,17.56,0.92,3.19,3.24,1.54,2.58,Apparent arithmetic margin only: firm capacity minus reported actual/forecast MVA; not guaranteed connection headroom.
zone_substation|NORTH SYDNEY|132/11kV,zone_substation,NORTH SYDNEY,132/11kV,171.47,114.32,14.259222944926465,5.25,2.46035,3.106,171.47,114.32,11.687110410388607,0.0,2.161355,3.106,57.1,0.99,58.26,0.99,60.15,0.99,50.7,1.0,46.95,1.0,49.3,1.0,61.78,0.99,62.01,0.99,61.56,0.99,63.91,0.99,63.76,0.99,52.3,1.0,54.21,1.0,55.6,1.0,56.34,1.0,59.39,1.0,54.17,50.56,65.02,54.93,Apparent arithmetic margin only: firm capacity minus reported actual/forecast MVA; not guaranteed connection headroom.
zone_substation|NULKABA|33/11kV,zone_substation,NULKABA,33/11kV,76.21,38.11,18.41,2.0,12.532215,0.0,76.21,38.11,11.96,0.0,12.191475,0.0,16.13,0.98,18.65,0.98,18.41,0.99,12.96,1.0,12.67,0.99,11.96,1.0,16.23,0.98,16.41,0.98,16.32,0.98,16.36,0.98,16.51,0.98,13.26,0.99,13.38,0.99,13.6,0.99,13.6,0.99,13.72,0.99,19.7,21.6,26.15,24.39,Apparent arithmetic margin only: firm capacity minus reported actual/forecast MVA; not guaranteed connection headroom.
zone_substation|OLYMPIC PARK|132/11kV,zone_substation,OLYMPIC PARK,132/11kV,120.34,56.81,30.52,3.75,5.87616,0.52,122.57,59.96,21.88,0.0,5.55376,0.52,30.51,0.9,30.04,0.99,30.52,0.99,23.56,0.9,22.26,1.0,21.88,1.0,34.53,0.99,35.68,0.99,35.21,0.99,35.74,0.99,36.24,0.99,23.44,1.0,25.89,1.0,26.93,1.0,26.78,1.0,27.35,1.0,26.29,20.57,38.08,32.61,Apparent arithmetic margin only: firm capacity minus reported actual/forecast MVA; not guaranteed connection headroom.
zone_substation|PADDINGTON|33/11kV,zone_substation,PADDINGTON,33/11kV,114.32,66.47,26.3,4.25,1.56653,0.0,114.32,69.83,24.6,1.5,1.3277,0.0,30.0,0.99,33.56,0.9,32.27,1.0,32.05,1.0,29.93,0.9,30.97,1.0,32.89,1.0,32.74,1.0,32.29,1.0,32.44,1.0,32.22,1.0,28.62,1.0,28.63,1.0,28.68,1.0,28.44,1.0,28.25,1.0,34.2,34.25,38.86,41.58,Apparent arithmetic margin only: firm capacity minus reported actual/forecast MVA; not guaranteed connection headroom.
zone_substation|PAXTON|33/11kV,zone_substation,PAXTON,33/11kV,25.45,0.0,0.1,1.5,6.418655,0.0,25.45,0.0,0.1,0.0,5.982415,0.0,6.47,0.9,7.35,0.9,7.39,0.9,5.44,0.9,5.29,0.9,5.21,0.9,10.84,0.9,10.84,0.9,10.74,0.9,10.65,0.9,10.52,0.9,9.68,0.9,9.61,0.9,9.7,0.9,9.64,0.9,9.62,0.9,-7.39,-10.52,-5.21,-9.62,Apparent arithmetic margin only: firm capacity minus reported actual/forecast MVA; not guaranteed connection headroom.
zone_substation|PEATS RIDGE|33/11kV,zone_substation,PEATS RIDGE,33/11kV,29.15,17.09,4.891233632718056,1.0,6.07051,0.007,29.15,18.6,3.808990063162462,0.0,5.82821,0.007,13.01,0.7,10.73,0.96,11.57,0.97,10.39,0.86,10.41,0.65,9.01,0.99,11.07,0.96,11.36,0.96,11.27,0.96,11.31,0.96,10.76,0.96,12.91,0.8,13.19,0.8,13.69,0.8,14.12,0.8,14.27,0.8,5.52,6.33,9.59,4.33,Apparent arithmetic margin only: firm capacity minus reported actual/forecast MVA; not guaranteed connection headroom.
zone_substation|PELICAN|33/11kV,zone_substation,PELICAN,33/11kV,49.57,25.64,7.1441855270225,0.75,6.21122,0.0,51.29,25.64,6.368628144136539,0.0,5.754175,0.0,10.0,1.0,12.3,0.99,12.62,0.99,10.12,0.99,9.34,1.0,11.25,1.0,13.5,0.99,14.29,0.99,14.12,0.99,16.4,0.99,16.32,0.99,10.47,1.0,10.56,1.0,11.26,1.0,11.3,1.0,13.37,1.0,13.02,9.32,14.39,12.27,Apparent arithmetic margin only: firm capacity minus reported actual/forecast MVA; not guaranteed connection headroom.
zone_substation|PENNANT HILLS|132/11kV,zone_substation,PENNANT HILLS,132/11kV,164.08,106.92,21.9,0.75,43.169945,0.02949,171.47,114.32,16.2,0.0,39.043835,0.01666,70.81,1.0,72.43,0.9,70.53,1.0,60.05,0.96,56.21,0.9,53.87,1.0,69.92,1.0,71.46,1.0,72.31,1.0,74.13,1.0,75.09,1.0,52.38,1.0,51.27,1.0,52.14,1.0,52.63,1.0,54.04,1.0,36.39,31.83,60.45,60.28,Apparent arithmetic margin only: firm capacity minus reported actual/forecast MVA; not guaranteed connection headroom.
zone_substation|PORT BOTANY|33/11kV,zone_substation,PORT BOTANY,33/11kV,112.31,59.16,12.200798831624292,0.25,2.0207,0.0,112.31,59.16,12.906198335808138,11.25,1.88235,0.0,15.97,0.96,16.48,0.97,14.01,0.99,15.25,0.96,15.11,0.97,14.82,0.98,24.61,0.97,26.18,0.97,28.0,0.97,30.25,0.97,32.12,0.97,15.91,0.97,24.54,0.97,26.08,0.97,27.91,0.97,30.13,0.97,45.15,27.04,44.34,29.03,Apparent arithmetic margin only: firm capacity minus reported actual/forecast MVA; not guaranteed connection headroom.
zone_substation|POTTS HILL|132/11kV,zone_substation,POTTS HILL,132/11kV,109.74,54.87,0.0,0.25,13.734515,0.00666,109.74,54.87,0.0,0.0,12.77198,0.00666,39.15,0.99,40.18,0.98,38.21,0.98,34.2,1.0,33.04,0.99,31.16,0.99,35.54,0.98,35.54,0.98,36.36,0.98,36.08,0.98,36.06,0.98,35.26,0.99,34.66,0.99,34.94,0.99,35.95,0.99,35.95,0.99,16.66,18.81,23.71,18.92,Apparent arithmetic margin only: firm capacity minus reported actual/forecast MVA; not guaranteed connection headroom.
zone_substation|PUNCHBOWL|33/11kV,zone_substation,PUNCHBOWL,33/11kV,95.34,62.78,17.2,2.75,13.46028,0.0,99.85,66.57,13.7,0.0,12.455125,0.0,37.17,1.0,41.87,1.0,39.98,1.0,37.28,1.0,35.05,1.0,35.84,1.0,43.8,1.0,44.59,1.0,44.4,1.0,44.08,1.0,44.29,1.0,39.44,1.0,39.64,1.0,40.44,1.0,40.35,1.0,40.19,1.0,22.8,18.49,30.73,26.38,Apparent arithmetic margin only: firm capacity minus reported actual/forecast MVA; not guaranteed connection headroom.
zone_substation|PYMBLE|33/11kV,zone_substation,PYMBLE,33/11kV,67.65,39.43,25.153162342645352,0.25,12.44412,0.0,67.65,41.48,19.59204192382811,0.0,11.259845,0.0,28.98,0.92,33.13,0.9,36.32,0.98,30.13,0.98,26.28,0.9,28.29,0.98,30.59,0.98,30.93,0.98,31.06,0.98,31.68,0.98,32.41,0.98,29.17,0.98,29.15,0.98,29.48,0.98,29.66,0.98,30.22,0.98,3.11,7.02,13.19,11.26,Apparent arithmetic margin only: firm capacity minus reported actual/forecast MVA; not guaranteed connection headroom.
zone_substation|RATHMINES|132/11kV,zone_substation,RATHMINES,132/11kV,76.21,38.11,11.237619102979593,0.5,12.135235,0.89015,76.21,38.11,7.601918804956784,0.0,11.13725,0.89015,15.78,0.99,14.75,0.99,17.68,0.99,13.42,1.0,11.04,1.0,11.96,1.0,14.9,0.99,15.13,0.99,14.96,0.99,15.14,0.99,15.03,0.99,11.78,1.0,11.42,1.0,11.55,1.0,11.4,1.0,11.56,1.0,20.43,23.08,26.15,26.55,Apparent arithmetic margin only: firm capacity minus reported actual/forecast MVA; not guaranteed connection headroom.
zone_substation|RAYMOND TERRACE|33/11kV,zone_substation,RAYMOND TERRACE,33/11kV,73.6,38.11,0.0,0.25,0.0,0.0,73.6,38.11,0.0,0.0,0.0,0.0,23.04,0.99,24.0,0.98,24.04,0.98,19.4,1.0,18.38,0.99,18.36,0.98,23.36,0.98,24.62,0.98,26.96,0.98,28.56,0.98,29.07,0.98,17.94,0.99,17.72,0.99,18.58,0.99,20.38,0.99,21.46,0.99,14.07,9.04,19.75,16.65,Apparent arithmetic margin only: firm capacity minus reported actual/forecast MVA; not guaranteed connection headroom.
zone_substation|REVESBY|132/11kV,zone_substation,REVESBY,132/11kV,76.21,44.93,17.17535685300786,7.5,24.401455,0.01533,76.21,47.8,15.245272637345956,0.0,22.346035,0.01533,47.68,0.94,49.06,0.9,43.07,1.0,40.86,0.98,38.69,0.9,38.23,1.0,48.94,0.94,49.84,0.94,49.82,0.94,50.59,0.94,50.65,0.94,38.87,0.94,40.23,0.94,40.62,0.94,40.22,0.94,40.48,0.94,1.86,-5.72,9.57,7.32,Apparent arithmetic margin only: firm capacity minus reported actual/forecast MVA; not guaranteed connection headroom.
zone_substation|RIVERWOOD|33/11kV,zone_substation,RIVERWOOD,33/11kV,65.73,42.81,19.041528186810776,3.25,14.13388,0.01916,65.73,42.81,17.286519005514577,0.0,13.02699,0.01916,29.46,0.95,32.6,0.9,29.62,0.95,27.43,0.97,26.17,0.9,26.89,0.95,30.31,0.95,31.23,0.95,31.44,0.95,31.77,0.95,31.82,0.95,26.65,0.95,26.06,0.95,26.75,0.95,26.84,0.95,27.04,0.95,13.19,10.99,15.92,15.77,Apparent arithmetic margin only: firm capacity minus reported actual/forecast MVA; not guaranteed connection headroom.
zone_substation|ROCKDALE|132/11kV,zone_substation,ROCKDALE,132/11kV,109.32,59.5,18.491023704127517,4.75,12.03217,0.0,120.26,62.51,18.574237690479585,5.5,10.968045,0.0,41.27,1.0,47.63,0.99,42.22,1.0,38.09,1.0,38.47,1.0,42.41,1.0,49.18,0.99,51.92,0.99,52.54,0.99,54.99,0.99,55.88,0.99,42.95,1.0,46.38,1.0,48.89,1.0,49.61,1.0,51.86,1.0,17.28,3.62,20.1,10.65,Apparent arithmetic margin only: firm capacity minus reported actual/forecast MVA; not guaranteed connection headroom.
zone_substation|ROSE BAY|132/11kV,zone_substation,ROSE BAY,132/11kV,111.34,59.25,15.238650058989235,0.0,11.980292,1.416,111.34,59.25,17.184180691685302,3.75,10.828017,1.416,41.8,1.0,38.32,1.0,37.91,1.0,45.65,1.0,40.16,1.0,42.75,1.0,36.21,1.0,36.69,1.0,36.27,1.0,37.1,1.0,37.08,1.0,43.38,1.0,42.97,1.0,43.65,1.0,43.42,1.0,44.28,1.0,21.34,22.17,16.5,14.97,Apparent arithmetic margin only: firm capacity minus reported actual/forecast MVA; not guaranteed connection headroom.
zone_substation|ROTHBURY|132/11kV,zone_substation,ROTHBURY,132/11kV,76.21,38.11,14.687307686674906,0.75,10.11085,4.9616,76.21,38.11,7.9953712642384955,0.0,9.231425,4.955,12.73,0.9,18.87,1.0,20.17,1.0,8.34,0.9,9.8,0.99,10.98,0.97,11.83,1.0,12.2,1.0,12.82,1.0,12.65,1.0,13.82,1.0,10.51,0.99,10.43,0.99,10.82,0.99,11.46,0.99,12.73,0.99,17.94,24.29,27.13,25.38,Apparent arithmetic margin only: firm capacity minus reported actual/forecast MVA; not guaranteed connection headroom.
zone_substation|ROUCHEL|33/11kV,zone_substation,ROUCHEL,33/11kV,5.77,0.0,0.0,1.25,0.322495,0.0,6.34,0.0,0.0,0.0,0.315895,0.0,1.09,0.96,1.38,0.9,1.36,0.7,0.79,0.97,1.14,0.9,0.77,0.96,1.16,0.96,1.19,0.96,1.23,0.96,1.27,0.96,1.29,0.96,1.01,0.96,1.06,0.96,1.1,0.96,1.15,0.96,1.19,0.96,-1.36,-1.29,-0.77,-1.19,Apparent arithmetic margin only: firm capacity minus reported actual/forecast MVA; not guaranteed connection headroom.
zone_substation|RUTHERFORD|33/11kV,zone_substation,RUTHERFORD,33/11kV,76.17,38.11,3.4,1.25,23.095215,0.006,76.21,38.11,2.5,0.0,20.204315,0.006,29.05,0.98,30.48,0.98,33.08,0.99,22.39,0.99,24.02,0.99,21.27,0.99,26.08,0.98,27.51,0.98,28.99,0.98,29.39,0.98,30.5,0.98,25.1,0.99,25.06,0.99,26.42,0.99,27.83,0.99,28.27,0.99,5.03,7.61,16.84,9.84,Apparent arithmetic margin only: firm capacity minus reported actual/forecast MVA; not guaranteed connection headroom.
zone_substation|SANS SOUCI|33/11kV,zone_substation,SANS SOUCI,33/11kV,48.58,24.29,10.496701194159584,3.5,5.97159,0.017,48.58,24.29,10.420242392537194,6.25,5.608525,0.017,16.82,0.98,22.32,0.9,19.22,0.98,16.22,0.99,16.6,0.9,19.08,0.98,21.3,0.98,21.67,0.98,21.48,0.98,21.35,0.98,21.29,0.98,17.23,0.98,17.71,0.98,17.98,0.98,17.79,0.98,17.62,0.98,5.07,3.0,5.21,6.67,Apparent arithmetic margin only: firm capacity minus reported actual/forecast MVA; not guaranteed connection headroom.
zone_substation|SCONE|66/11kV,zone_substation,SCONE,66/11kV,76.21,38.105,2.7987584180940948,6.25,8.178275,6.22,76.21,38.105,1.9981757052981288,0.0,7.675085,5.5,13.99,0.99,16.57,0.99,17.06,0.99,12.36,1.0,12.9,1.0,12.18,1.0,16.01,0.99,16.25,0.99,16.53,0.99,16.61,0.99,17.03,0.99,13.66,0.99,13.56,0.99,13.75,0.99,14.12,0.99,14.51,0.99,21.045,21.075,25.925,23.595,Apparent arithmetic margin only: firm capacity minus reported actual/forecast MVA; not guaranteed connection headroom.
zone_substation|SEFTON|132/11kV,zone_substation,SEFTON,132/11kV,152.42,94.58,39.29970185046856,0.25,23.753355,0.0,152.42,99.68,30.57402891787177,0.0,21.677555,0.0,48.5,0.96,51.18,0.9,51.75,0.96,40.87,0.97,38.81,0.9,40.26,0.96,49.2,0.96,49.93,0.96,49.64,0.96,49.62,0.96,52.75,0.96,39.26,0.96,39.01,0.96,39.56,0.96,39.29,0.96,39.2,0.96,42.83,41.83,59.42,60.48,Apparent arithmetic margin only: firm capacity minus reported actual/forecast MVA; not guaranteed connection headroom.
zone_substation|SINGLETON|66/11kV,zone_substation,SINGLETON,66/11kV,58.15,29.84,15.167090817265372,3.0,8.44571,0.0962,58.15,31.97,10.617742570073293,0.0,7.61521,0.0,16.79,0.9,20.29,0.9,19.47,0.9,14.22,0.9,14.83,0.9,13.63,0.9,18.35,0.9,18.5,0.9,18.12,0.9,17.84,0.9,17.58,0.9,16.22,0.9,17.41,0.9,17.91,0.9,17.95,0.9,18.04,0.9,10.37,12.26,18.34,13.93,Apparent arithmetic margin only: firm capacity minus reported actual/forecast MVA; not guaranteed connection headroom.
zone_substation|SINGLETON NORTH|66/11kV,zone_substation,SINGLETON NORTH,66/11kV,76.21,38.11,0.0,2.0,13.4383,0.0,76.21,38.11,0.0,0.0,12.652465,0.0,15.86,0.99,18.69,0.9,18.48,0.99,11.6,0.95,11.51,0.9,11.53,0.99,14.41,0.99,14.64,0.99,15.29,0.99,15.42,0.99,16.1,0.99,11.36,0.99,11.18,0.99,11.54,0.99,12.17,0.99,12.36,0.99,19.63,22.01,26.58,25.75,Apparent arithmetic margin only: firm capacity minus reported actual/forecast MVA; not guaranteed connection headroom.
zone_substation|SOMERSBY|132/11kV,zone_substation,SOMERSBY,132/11kV,104.54,51.9,6.40493589733906,0.5,12.421495,0.95252,112.31,56.07,6.492239856286679,3.75,11.95233,0.64852,14.6,0.97,15.79,0.99,16.14,0.99,17.24,0.97,17.18,0.99,16.36,0.99,16.37,0.99,16.99,0.99,16.95,0.99,19.59,0.99,19.95,0.99,17.49,0.99,17.41,0.99,18.33,0.99,18.7,0.99,21.7,0.99,35.76,31.95,39.71,34.37,Apparent arithmetic margin only: firm capacity minus reported actual/forecast MVA; not guaranteed connection headroom.
zone_substation|ST IVES|33/11kV,zone_substation,ST IVES,33/11kV,101.4,58.47,18.133525678290667,0.5,24.61471,0.0316,107.97,63.65,16.99702337254822,0.0,22.24789,0.0316,42.26,0.97,45.94,0.9,43.08,0.97,43.26,0.97,40.83,0.9,40.38,0.97,44.84,0.97,45.67,0.97,45.44,0.97,45.36,0.97,45.26,0.97,39.36,0.97,39.08,0.97,39.55,0.97,39.07,0.97,38.66,0.97,15.39,13.21,23.27,24.99,Apparent arithmetic margin only: firm capacity minus reported actual/forecast MVA; not guaranteed connection headroom.
zone_substation|ST PETERS|132/11kV,zone_substation,ST PETERS,132/11kV,152.42,88.63,36.3,0.5,11.258955,1.9216,152.42,88.63,29.6,0.0,10.59757,0.3216,64.88,0.99,67.18,0.99,71.22,0.99,55.37,1.0,53.86,1.0,54.9,1.0,85.72,0.99,86.21,0.99,86.0,0.99,87.21,0.99,90.14,0.99,58.78,1.0,60.34,1.0,61.53,1.0,62.23,1.0,63.94,1.0,17.41,-1.51,33.73,24.69,Apparent arithmetic margin only: firm capacity minus reported actual/forecast MVA; not guaranteed connection headroom.
zone_substation|STOCKTON|33/11kV,zone_substation,STOCKTON,33/11kV,48.85,25.64,3.135022116025687,0.75,5.41757,0.0,51.29,25.64,2.084820870398792,0.0,5.04112,0.0,8.77,0.99,8.15,1.0,10.06,1.0,6.52,1.0,6.23,1.0,6.69,1.0,8.48,1.0,8.62,1.0,8.54,1.0,8.45,1.0,8.39,1.0,6.81,1.0,6.8,1.0,6.9,1.0,6.85,1.0,6.79,1.0,15.58,17.25,18.95,18.85,Apparent arithmetic margin only: firm capacity minus reported actual/forecast MVA; not guaranteed connection headroom.
zone_substation|STRATHFIELD SOUTH|132/11kV,zone_substation,STRATHFIELD SOUTH,132/11kV,134.76,67.26,0.0,0.5,10.66619,0.0264,135.01,67.5,0.0,0.0,9.596895,0.0264,27.78,0.99,31.86,0.9,29.23,0.99,25.74,1.0,25.42,0.9,24.88,1.0,30.28,0.99,31.23,0.99,30.94,0.99,30.75,0.99,30.55,0.99,25.1,0.99,25.84,0.99,26.71,0.99,26.61,0.99,26.56,0.99,38.03,36.71,42.62,40.94,Apparent arithmetic margin only: firm capacity minus reported actual/forecast MVA; not guaranteed connection headroom.
zone_substation|SUMMER HILL|33/11kV,zone_substation,SUMMER HILL,33/11kV,100.9,61.73,0.0,0.0,13.67585,0.0,100.9,61.73,0.0,6.75,12.37854,0.0,42.35,0.9,37.32,0.9,43.4,0.9,3.24,0.9,38.99,0.9,46.86,0.9,55.74,0.9,57.61,0.9,57.45,0.9,58.03,0.9,58.94,0.9,56.09,0.9,55.64,0.9,57.45,0.9,57.25,0.9,57.74,0.9,18.33,2.79,14.87,3.99,Apparent arithmetic margin only: firm capacity minus reported actual/forecast MVA; not guaranteed connection headroom.
zone_substation|SURRY HILLS|33/11kV,zone_substation,SURRY HILLS,33/11kV,78.0,0.0,29.4,4.5,1.75504,3.74,78.0,0.0,22.8,0.0,1.563875,3.74,29.93,0.9,33.02,0.9,32.17,0.99,25.19,0.94,25.7,0.9,23.51,1.0,38.93,0.9,58.83,0.9,58.78,0.9,58.77,0.9,59.41,0.9,28.39,0.9,28.5,0.9,44.68,0.9,44.88,0.9,45.47,0.9,-32.17,-59.41,-23.51,-45.47,Apparent arithmetic margin only: firm capacity minus reported actual/forecast MVA; not guaranteed connection headroom.
zone_substation|SWANSEA|33/11kV,zone_substation,SWANSEA,33/11kV,29.87,16.42,4.780561050547242,0.5,13.24007,0.01466,29.87,16.42,3.807254786562993,0.0,12.113255,0.01466,15.08,1.0,14.45,1.0,15.57,1.0,12.12,1.0,11.82,1.0,12.4,1.0,16.82,1.0,17.16,1.0,17.32,1.0,17.32,1.0,17.36,1.0,13.68,1.0,13.46,1.0,13.62,1.0,13.65,1.0,13.53,1.0,0.85,-0.94,4.02,2.89,Apparent arithmetic margin only: firm capacity minus reported actual/forecast MVA; not guaranteed connection headroom.
zone_substation|TANILBA BAY|33/11kV,zone_substation,TANILBA BAY,33/11kV,38.75,18.73,0.39724126964831447,1.0,9.662945,0.0,40.47,18.75,0.3071691212978246,0.0,8.971485,0.0,11.33,0.99,11.92,0.95,12.04,1.0,9.39,1.0,9.26,1.0,9.31,1.0,13.0,0.95,13.14,0.95,13.13,0.95,13.22,0.95,13.21,0.95,10.33,1.0,10.2,1.0,10.32,1.0,10.56,1.0,11.05,1.0,6.69,5.52,9.44,7.7,Apparent arithmetic margin only: firm capacity minus reported actual/forecast MVA; not guaranteed connection headroom.
zone_substation|TARRO|33/11kV,zone_substation,TARRO,33/11kV,47.63,23.82,14.355655084999233,1.0,5.38669,0.0,47.63,23.82,10.982855568484112,0.0,4.84007,0.0,19.24,0.96,20.26,0.97,20.26,0.97,15.78,0.97,15.54,0.96,15.5,0.96,16.78,0.97,17.62,0.97,17.34,0.97,17.57,0.97,16.13,0.97,15.47,0.96,15.46,0.96,16.34,0.96,16.26,0.96,16.87,0.96,3.56,7.69,8.32,6.95,Apparent arithmetic margin only: firm capacity minus reported actual/forecast MVA; not guaranteed connection headroom.
zone_substation|TELARAH|33/11kV,zone_substation,TELARAH,33/11kV,28.88,15.24,6.9,0.5,10.70064,0.0,30.48,15.24,3.7,0.0,10.056165,0.0,13.21,1.0,17.1,1.0,18.12,1.0,9.32,1.0,8.95,1.0,11.02,1.0,16.34,1.0,16.77,1.0,17.0,1.0,17.1,1.0,17.43,1.0,9.97,1.0,10.4,1.0,10.61,1.0,10.69,1.0,10.69,1.0,-2.88,-2.19,4.22,4.55,Apparent arithmetic margin only: firm capacity minus reported actual/forecast MVA; not guaranteed connection headroom.
zone_substation|TERREY HILLS|33/11kV,zone_substation,TERREY HILLS,33/11kV,54.01,23.82,3.5025627147322447,0.5,5.287335,0.0,54.01,23.82,3.484703886358849,0.75,4.46153,0.0,14.01,0.94,15.16,0.9,15.69,0.94,12.39,0.97,12.18,0.9,15.61,0.94,13.9,0.94,14.27,0.94,14.08,0.94,14.19,0.94,14.4,0.94,12.4,0.94,13.22,0.94,13.99,0.94,14.18,0.94,14.57,0.94,8.13,9.42,8.21,9.25,Apparent arithmetic margin only: firm capacity minus reported actual/forecast MVA; not guaranteed connection headroom.
zone_substation|THORNTON|33/11kV,zone_substation,THORNTON,33/11kV,110.89,61.01,24.460948348249044,0.25,30.218935,0.52,114.32,67.1,14.129112657948594,0.0,27.72904,0.52,29.25,0.94,34.8,1.0,39.23,1.0,19.82,0.93,21.77,1.0,22.66,1.0,36.73,0.93,37.54,0.93,37.75,0.93,38.65,0.93,38.76,0.93,28.13,0.91,27.88,0.91,28.5,0.91,28.76,0.91,29.73,0.91,21.78,22.25,44.44,37.37,Apparent arithmetic margin only: firm capacity minus reported actual/forecast MVA; not guaranteed connection headroom.
zone_substation|TIGHES HILL|33/11kV,zone_substation,TIGHES HILL,33/11kV,71.14,38.52,12.7,1.5,7.29549,0.0,71.14,38.52,14.2,0.0,6.6976,0.0,21.43,0.97,20.5,0.99,23.46,0.98,21.02,0.98,21.64,0.99,19.79,0.99,28.3,0.99,28.43,0.99,27.99,0.99,28.73,0.99,28.65,0.99,26.07,0.99,27.26,0.99,27.69,0.99,27.6,0.99,28.74,0.99,15.06,9.87,18.73,9.78,Apparent arithmetic margin only: firm capacity minus reported actual/forecast MVA; not guaranteed connection headroom.
zone_substation|TOMAGO|33/11kV,zone_substation,TOMAGO,33/11kV,74.3,38.11,10.97,5.0,2.7303,0.0,74.3,38.11,10.79,12.0,2.51134,0.0,10.66,0.95,11.85,0.95,10.97,0.95,10.21,0.96,11.13,0.96,10.79,0.96,10.36,0.95,10.23,0.95,10.0,0.95,12.25,0.95,12.71,0.95,10.56,0.96,10.78,0.96,11.18,0.96,11.44,0.96,13.79,0.96,27.14,25.4,27.32,24.32,Apparent arithmetic margin only: firm capacity minus reported actual/forecast MVA; not guaranteed connection headroom.
zone_substation|TOMALPIN|33/11kV,zone_substation,TOMALPIN,33/11kV,20.77,0.0,1.14722369422945,0.75,0.0,0.0,22.16,0.0,1.178063040848521,0.75,0.0,0.0,1.74,0.92,1.92,0.9,1.86,0.93,1.86,0.95,1.88,0.93,1.91,0.93,1.49,0.9,1.46,0.9,1.44,0.9,1.42,0.9,1.39,0.9,1.45,0.93,1.45,0.93,1.43,0.93,1.42,0.93,1.4,0.93,-1.86,-1.39,-1.91,-1.4,Apparent arithmetic margin only: firm capacity minus reported actual/forecast MVA; not guaranteed connection headroom.
zone_substation|TOMAREE|33/11kV,zone_substation,TOMAREE,33/11kV,73.3,38.11,3.2884008867720795,1.0,10.811486,0.0,73.3,38.11,3.0333390231186046,0.0,9.79239,0.0,13.28,1.0,24.71,0.99,15.6,1.0,13.87,1.0,13.68,1.0,14.39,1.0,18.56,0.99,18.85,0.99,18.61,0.99,18.36,0.99,18.16,0.99,15.82,1.0,15.71,1.0,15.98,1.0,15.82,1.0,15.64,1.0,22.51,19.95,23.72,22.47,Apparent arithmetic margin only: firm capacity minus reported actual/forecast MVA; not guaranteed connection headroom.
zone_substation|TOP RYDE|132/11kV,zone_substation,TOP RYDE,132/11kV,113.29,61.25,0.0,0.25,16.376375,0.0066,113.29,61.25,0.0,0.0,14.822975,0.0066,45.67,0.99,49.75,0.9,51.15,0.99,37.04,1.0,37.32,0.9,31.23,1.0,45.27,0.99,45.55,0.99,45.3,0.99,45.81,0.99,45.99,0.99,39.04,0.99,40.3,0.99,40.66,0.99,40.68,0.99,41.28,0.99,10.1,15.26,30.02,19.97,Apparent arithmetic margin only: firm capacity minus reported actual/forecast MVA; not guaranteed connection headroom.
zone_substation|TORONTO WEST|132/11kV,zone_substation,TORONTO WEST,132/11kV,76.21,38.11,9.57618244417206,0.75,12.136245,0.00666,76.21,38.11,6.894178756998322,0.0,11.277955,0.00666,18.9,0.99,19.52,0.99,22.78,0.99,16.01,1.0,15.36,1.0,16.4,1.0,20.68,0.99,21.08,0.99,21.6,0.99,22.43,0.99,22.61,0.99,16.83,1.0,16.95,1.0,17.22,1.0,17.7,1.0,18.53,1.0,15.33,15.5,21.71,19.58,Apparent arithmetic margin only: firm capacity minus reported actual/forecast MVA; not guaranteed connection headroom.
zone_substation|TURRAMURRA|33/11kV,zone_substation,TURRAMURRA,33/11kV,72.52,42.3,0.0,0.5,15.878015,0.0,73.61,44.29,0.0,0.0,14.234155,0.0,32.85,1.0,36.64,1.0,36.15,1.0,36.31,1.0,34.6,1.0,33.61,1.0,33.51,1.0,34.86,1.0,35.2,1.0,35.45,1.0,35.18,1.0,33.85,1.0,33.72,1.0,35.1,1.0,35.47,1.0,35.74,1.0,6.15,7.12,10.68,8.55,Apparent arithmetic margin only: firm capacity minus reported actual/forecast MVA; not guaranteed connection headroom.
zone_substation|UMINA|66/11kV,zone_substation,UMINA,66/11kV,71.41,35.7,12.840071290596494,0.75,16.523125,1.29148,75.71,37.86,10.359789320350364,0.0,15.042875,1.274,29.71,0.95,29.71,0.9,31.32,0.95,25.74,0.98,24.44,0.9,25.27,0.95,28.44,0.95,29.4,0.95,29.4,0.95,29.54,0.95,29.73,0.95,28.3,0.95,27.66,0.95,28.7,0.95,28.74,0.95,29.06,0.95,4.38,5.97,12.59,8.8,Apparent arithmetic margin only: firm capacity minus reported actual/forecast MVA; not guaranteed connection headroom.
zone_substation|VALES POINT|33/11kV,zone_substation,VALES POINT,33/11kV,30.48,15.24,0.0,0.0,0.0,0.0,30.48,15.24,0.0,0.0,0.0,0.0,6.0,0.83,5.78,0.9,6.41,0.83,6.42,0.68,6.29,0.9,6.51,0.83,2.45,0.83,2.37,0.83,2.31,0.83,2.26,0.83,2.19,0.83,6.19,0.83,6.23,0.83,6.17,0.83,6.13,0.83,6.11,0.83,8.83,13.05,8.73,9.13,Apparent arithmetic margin only: firm capacity minus reported actual/forecast MVA; not guaranteed connection headroom.
zone_substation|WAMBERAL|132/11kV,zone_substation,WAMBERAL,132/11kV,72.49,34.39,18.48,0.25,12.57343,0.01365,74.97,36.87,13.55,0.0,11.836375,0.01365,14.8,1.0,13.96,1.0,18.48,1.0,14.77,1.0,13.77,1.0,13.55,1.0,15.5,1.0,15.98,1.0,15.99,1.0,15.89,1.0,15.82,1.0,14.5,1.0,14.24,1.0,14.54,1.0,14.68,1.0,14.48,1.0,15.91,18.57,23.32,22.39,Apparent arithmetic margin only: firm capacity minus reported actual/forecast MVA; not guaranteed connection headroom.
zone_substation|WAVERLEY|132/11kV,zone_substation,WAVERLEY,132/11kV,125.98,61.79,28.994085680650844,0.0,8.995655,0.00602,130.01,65.01,39.345887397004205,6.75,8.07484,0.00602,32.75,0.9,31.44,1.0,32.07,1.0,42.13,0.9,38.52,1.0,43.52,1.0,32.56,1.0,32.89,1.0,32.65,1.0,32.24,1.0,31.96,1.0,41.12,1.0,40.7,1.0,41.4,1.0,41.3,1.0,41.02,1.0,29.72,29.83,21.49,23.99,Apparent arithmetic margin only: firm capacity minus reported actual/forecast MVA; not guaranteed connection headroom.
zone_substation|WEST GOSFORD|132/11kV,zone_substation,WEST GOSFORD,132/11kV,130.01,65.01,29.999991727563856,0.5,19.339345,0.024,130.01,65.01,22.267056174445024,0.0,18.03226,0.024,46.44,0.99,46.98,0.99,50.55,0.99,39.1,1.0,36.72,1.0,37.52,1.0,47.34,0.99,47.6,0.99,47.67,0.99,47.22,0.99,46.83,0.99,41.03,1.0,40.45,1.0,41.29,1.0,41.79,1.0,43.32,1.0,14.46,18.18,27.49,21.69,Apparent arithmetic margin only: firm capacity minus reported actual/forecast MVA; not guaranteed connection headroom.
zone_substation|WILLIAMTOWN|33/11kV,zone_substation,WILLIAMTOWN,33/11kV,48.01,24.01,5.48,1.5,3.850365,0.0,48.01,24.01,4.82,0.0,3.242445,0.0,2.95,0.99,6.27,0.9,5.48,1.0,4.12,1.0,4.36,0.9,4.82,0.9,5.1,1.0,5.18,1.0,6.27,1.0,6.34,1.0,8.25,1.0,4.43,1.0,4.59,1.0,4.67,1.0,5.64,1.0,7.0,1.0,18.53,15.76,19.19,17.01,Apparent arithmetic margin only: firm capacity minus reported actual/forecast MVA; not guaranteed connection headroom.
zone_substation|WOY WOY|66/11kV,zone_substation,WOY WOY,66/11kV,62.0,30.75,11.880116015358155,0.5,10.617915,0.32999,68.02,32.66,10.278909061243755,0.0,9.659125,0.00999,19.63,0.96,22.54,0.9,19.81,0.95,16.88,0.97,21.49,0.9,17.14,0.96,23.22,0.96,23.65,0.96,23.62,0.96,23.6,0.96,23.65,0.96,21.86,0.96,21.52,0.96,21.95,0.96,21.95,0.96,21.92,0.96,10.94,7.1,15.52,10.74,Apparent arithmetic margin only: firm capacity minus reported actual/forecast MVA; not guaranteed connection headroom.
zone_substation|WYONG|132/11kV,zone_substation,WYONG,132/11kV,110.26,54.01,21.893047921749453,0.5,30.522375,2.22666,115.17,58.82,14.35236715294328,0.0,28.19131,2.22666,42.2,0.99,40.06,0.99,47.15,0.99,31.68,1.0,32.81,1.0,30.91,1.0,43.77,0.99,44.72,0.99,48.24,0.99,49.85,0.99,50.51,0.99,33.53,1.0,34.6,1.0,35.47,1.0,38.95,1.0,40.59,1.0,6.86,3.5,27.91,18.23,Apparent arithmetic margin only: firm capacity minus reported actual/forecast MVA; not guaranteed connection headroom.
zone_substation|ZETLAND|132/11kV,zone_substation,ZETLAND,132/11kV,152.42,83.6,0.0,2.75,5.511655,0.00528,152.42,90.31,0.0,0.0,5.10294,0.00528,66.17,1.0,67.09,0.9,68.11,1.0,52.15,1.0,49.06,0.9,52.28,1.0,76.39,0.99,77.75,0.99,77.45,0.99,77.3,0.99,78.12,0.99,49.85,0.99,57.01,0.99,58.33,0.99,58.13,0.99,58.69,0.99,15.49,5.48,38.03,31.62,Apparent arithmetic margin only: firm capacity minus reported actual/forecast MVA; not guaranteed connection headroom.
zone_substation|MATRAVILLE|33/11kV,zone_substation,MATRAVILLE,33/11kV,86.84,57.02,0.0,0.0,13.366175,2.944,88.87,58.48,0.0,4.5,12.27444,2.944,34.58,0.92,29.51,1.0,27.34,1.0,37.94,0.96,29.34,1.0,31.35,1.0,24.74,1.0,24.68,1.0,24.32,1.0,23.78,1.0,23.24,1.0,30.85,1.0,30.5,1.0,30.64,1.0,30.49,1.0,30.09,1.0,29.68,33.78,27.13,28.39,Apparent arithmetic margin only: firm capacity minus reported actual/forecast MVA; not guaranteed connection headroom.
zone_substation|RNS HOSPITAL|132/11kV,zone_substation,RNS HOSPITAL,132/11kV,97.32,53.54,8.170086213796345,4.25,0.181755,0.0,97.32,53.54,6.011113205263737,0.0,0.093205,0.0,13.5,0.99,11.87,1.0,11.05,0.99,15.73,0.99,11.12,1.0,8.13,1.0,10.49,1.0,10.42,1.0,10.54,1.0,10.41,1.0,10.31,1.0,7.93,1.0,7.87,1.0,7.84,1.0,7.96,1.0,7.87,1.0,42.49,43.23,45.41,45.67,Apparent arithmetic margin only: firm capacity minus reported actual/forecast MVA; not guaranteed connection headroom.
zone_substation|LEMINGTON|66/11kV,zone_substation,LEMINGTON,66/11kV,22.63,6.74,1.4589539325418672,5.25,0.484765,0.0,24.54,6.74,0.7239084398108502,0.0,0.459965,0.0,2.3,0.96,2.27,0.95,2.62,0.94,1.55,1.0,1.94,0.97,1.3,1.0,2.18,0.95,2.18,0.95,2.1,0.95,2.04,0.95,1.96,0.95,1.82,0.97,1.83,0.97,1.85,0.97,1.82,0.97,1.77,0.97,4.12,4.78,5.44,4.97,Apparent arithmetic margin only: firm capacity minus reported actual/forecast MVA; not guaranteed connection headroom.
zone_substation|MOUNT THORLEY|66/11kV,zone_substation,MOUNT THORLEY,66/11kV,35.17,20.25,2.0811171423432215,2.0,5.634805,0.0,35.17,20.25,1.6369544475918287,0.0,5.41209,0.0,5.14,1.0,6.39,0.99,5.81,1.0,4.29,0.99,5.13,1.0,4.57,1.0,6.02,0.99,6.14,0.99,5.93,0.99,5.86,0.99,5.77,0.99,5.48,1.0,5.51,1.0,5.87,1.0,5.98,1.0,6.08,1.0,14.44,14.48,15.68,14.17,Apparent arithmetic margin only: firm capacity minus reported actual/forecast MVA; not guaranteed connection headroom.
zone_substation|NEWDELL|66/11kV,zone_substation,NEWDELL,66/11kV,47.63,23.82,1.572615997301328,0.0,0.19515,0.0,47.63,23.82,1.7068637043880268,0.5,0.19515,0.0,3.52,0.97,2.83,0.96,2.46,0.96,3.96,0.98,3.53,0.97,2.67,0.96,2.57,0.96,2.49,0.96,2.38,0.96,2.25,0.96,2.13,0.96,2.62,0.97,2.59,0.97,2.52,0.97,2.44,0.97,2.36,0.97,21.36,21.69,21.15,21.46,Apparent arithmetic margin only: firm capacity minus reported actual/forecast MVA; not guaranteed connection headroom.
zone_substation|GWAWLEY BAY|132/11kV,zone_substation,GWAWLEY BAY,132/11kV,91.81,45.1,17.231836231205385,4.0,11.194985,0.0,91.81,45.1,15.754437957290662,0.0,10.19032,0.0,30.09,0.9,28.33,1.0,25.66,1.0,24.25,0.99,22.75,0.99,23.46,1.0,26.6,1.0,27.72,1.0,27.74,1.0,27.93,1.0,27.81,1.0,24.26,0.99,24.22,0.99,25.34,0.99,25.4,0.99,25.52,0.99,19.44,17.29,21.64,19.58,Apparent arithmetic margin only: firm capacity minus reported actual/forecast MVA; not guaranteed connection headroom.
zone_substation|LUCAS HEIGHTS|33/11kV,zone_substation,LUCAS HEIGHTS,33/11kV,38.45,19.22,0.0,1.5,0.0,0.0,44.05,22.02,0.0,0.0,0.0,0.0,8.42,0.91,9.18,0.9,14.4,0.91,7.53,0.97,7.71,0.9,7.44,0.91,8.77,0.91,8.73,0.91,8.72,0.91,8.75,0.91,8.74,0.91,5.52,0.91,5.6,0.91,5.59,0.91,5.6,0.91,5.64,0.91,4.82,10.48,14.58,16.38,Apparent arithmetic margin only: firm capacity minus reported actual/forecast MVA; not guaranteed connection headroom.
zone_substation|GRAVING DOCK NO 1|33/11kV,zone_substation,GRAVING DOCK NO 1,33/11kV,18.69,0.0,0.0,0.0,0.0,0.0,20.75,0.0,0.0,0.0,0.0,0.0,7.74,0.9,12.96,0.9,11.05,0.9,9.41,0.9,11.63,0.9,10.34,0.9,7.7,0.9,7.7,0.9,7.7,0.9,7.7,0.9,7.7,0.9,4.3,0.9,4.3,0.9,4.3,0.9,4.3,0.9,4.3,0.9,-11.05,-7.7,-10.34,-4.3,Apparent arithmetic margin only: firm capacity minus reported actual/forecast MVA; not guaranteed connection headroom.
zone_substation|GRAVING DOCK NO 2|33/11kV,zone_substation,GRAVING DOCK NO 2,33/11kV,18.69,0.0,0.0,0.0,0.0,0.0,20.75,0.0,0.0,0.0,0.0,0.0,10.57,0.9,12.97,0.9,11.07,0.9,2.5,0.9,8.4,0.9,10.35,0.9,5.7,0.9,5.7,0.9,5.7,0.9,5.7,0.9,5.7,0.9,7.4,0.9,7.4,0.9,7.4,0.9,7.4,0.9,7.4,0.9,-11.07,-5.7,-10.35,-7.4,Apparent arithmetic margin only: firm capacity minus reported actual/forecast MVA; not guaranteed connection headroom.
subtransmission_substation|ALEXANDRIA|132/33kV,subtransmission_substation,ALEXANDRIA,132/33kV,275.73,142.9,0.0,0.5,0.0,0.0,275.7,142.9,0.0,,0.0,0.0,26.19,1.0,25.5,1.0,24.54,1.0,28.91,1.0,22.42,1.0,24.42,0.99,48.87,1.0,54.5,1.0,62.84,1.0,78.08,1.0,93.27,1.0,24.37,1.0,46.85,1.0,51.68,1.0,58.83,1.0,71.93,1.0,118.36,49.63,118.48,70.97,Apparent arithmetic margin only: firm capacity minus reported actual/forecast MVA; not guaranteed connection headroom.
subtransmission_substation|ARGENTON|132/33kV,subtransmission_substation,ARGENTON,132/33kV,285.8,142.9,0.0,1.5,59.97085,0.5204,285.8,142.9,0.0,,56.140145,0.5138,88.69,0.98,93.23,0.98,105.25,0.98,62.75,1.0,58.55,1.0,62.51,1.0,78.33,0.98,79.48,0.98,79.42,0.98,79.24,0.98,79.36,0.98,64.54,1.0,63.88,1.0,64.78,1.0,64.84,1.0,64.66,1.0,37.65,63.54,80.39,78.24,Apparent arithmetic margin only: firm capacity minus reported actual/forecast MVA; not guaranteed connection headroom.
subtransmission_substation|AWABA|132/33kV,subtransmission_substation,AWABA,132/33kV,135.1,68.6,0.0,0.5,0.116,0.0,137.2,68.6,0.0,,0.116,0.0,9.79,1.0,4.3,1.0,8.13,0.97,8.35,0.95,6.5,0.99,8.15,0.96,9.34,1.0,9.3,1.0,23.85,1.0,23.87,1.0,23.88,1.0,6.74,0.99,6.85,0.99,6.83,0.99,23.03,0.99,23.05,0.99,60.47,44.72,60.45,45.55,Apparent arithmetic margin only: firm capacity minus reported actual/forecast MVA; not guaranteed connection headroom.
subtransmission_substation|BANKSTOWN|132/33kV,subtransmission_substation,BANKSTOWN,132/33kV,206.5,139.4,0.0,2.5,20.639495,0.0,206.5,147.2,0.0,,19.02701,0.0,69.18,0.9,70.14,0.9,66.76,0.9,62.95,0.9,63.55,0.9,65.15,0.9,71.47,0.9,73.23,0.9,72.91,0.9,72.71,0.9,72.97,0.9,66.82,0.9,67.03,0.9,68.72,0.9,68.68,0.9,68.64,0.9,72.64,66.43,82.05,78.56,Apparent arithmetic margin only: firm capacity minus reported actual/forecast MVA; not guaranteed connection headroom.
subtransmission_substation|BERESFIELD|132/33kV,subtransmission_substation,BERESFIELD,132/33kV,239.8,150.1,0.0,1.8,60.710676,2.62,239.8,158.6,0.0,,56.323341,2.62,94.27,0.97,110.2,0.95,113.91,0.97,67.7,0.99,67.05,0.99,70.09,1.0,88.97,0.95,90.83,0.95,90.63,0.95,91.53,0.95,89.97,0.95,72.03,0.99,70.42,0.99,72.16,0.99,72.34,0.99,73.52,0.99,36.19,60.13,88.51,85.08,Apparent arithmetic margin only: firm capacity minus reported actual/forecast MVA; not guaranteed connection headroom.
subtransmission_substation|BUNNERONG NORTH|132/33kV,subtransmission_substation,BUNNERONG NORTH,132/33kV,505.1,312.6,0.0,36.5,29.266515,16.664,505.1,312.6,0.0,,27.008865,14.664,181.08,0.94,168.5,1.0,154.1,1.0,171.69,0.98,150.68,1.0,144.92,1.0,218.25,0.8,220.6,0.8,223.02,0.8,226.36,0.8,230.34,0.8,192.68,0.8,205.62,0.8,208.53,0.8,211.69,0.8,215.37,0.8,158.5,82.26,167.68,97.23,Apparent arithmetic margin only: firm capacity minus reported actual/forecast MVA; not guaranteed connection headroom.
subtransmission_substation|CANTERBURY|132/33kV,subtransmission_substation,CANTERBURY,132/33kV,285.6,186.6,0.0,2.0,35.76094,0.0,310.9,205.3,0.0,0.8,32.422155,0.0,115.58,0.99,120.19,1.0,112.96,1.0,110.51,1.0,109.13,1.0,112.65,1.0,161.75,1.0,164.3,1.0,164.12,1.0,164.83,1.0,167.09,1.0,128.45,1.0,158.33,1.0,160.79,1.0,160.65,1.0,161.14,1.0,73.64,19.51,92.65,44.16,Apparent arithmetic margin only: firm capacity minus reported actual/forecast MVA; not guaranteed connection headroom.
subtransmission_substation|ERARING|132/33kV,subtransmission_substation,ERARING,132/33kV,114.3,57.2,0.0,1.3,11.521455,0.0,114.3,57.2,0.0,,10.363405,0.0,17.52,0.99,18.88,0.98,17.04,0.98,15.64,0.95,14.99,0.99,17.19,1.0,17.14,0.98,17.24,0.98,17.34,0.98,18.11,0.98,18.32,0.98,16.63,0.99,16.75,0.99,16.81,0.99,16.76,0.99,17.4,0.99,40.16,38.88,40.01,39.8,Apparent arithmetic margin only: firm capacity minus reported actual/forecast MVA; not guaranteed connection headroom.
subtransmission_substation|GOSFORD|132/33kV,subtransmission_substation,GOSFORD,132/33kV,71.4,0.1,0.0,1.5,13.759005,0.00616,71.5,0.1,0.0,,12.694245,0.00616,,,,,,,,,,,,,,,,,,,,,,,,,,,,,,,,,,,,,
subtransmission_substation|HOMEBUSH|132/33kV,subtransmission_substation,HOMEBUSH,132/33kV,399.36,280.53,0.0,0.5,10.739615,0.0,399.36,285.79,0.0,0.0,9.93452,0.0,99.43,1.0,101.46,1.0,105.29,1.0,76.61,1.0,76.09,1.0,77.99,1.0,70.53,1.0,71.18,1.0,71.03,1.0,70.28,1.0,70.41,1.0,60.14,1.0,72.25,1.0,72.99,1.0,73.08,1.0,72.64,1.0,175.24,210.12,207.8,213.15,Apparent arithmetic margin only: firm capacity minus reported actual/forecast MVA; not guaranteed connection headroom.
subtransmission_substation|KOORAGANG|132/33kV,subtransmission_substation,KOORAGANG,132/33kV,285.79,142.89,0.0,1.25,0.13963,0.0,285.79,142.89,0.0,0.75,0.07843,0.0,68.73,0.93,65.43,0.97,71.29,0.97,66.18,0.93,65.87,0.99,70.88,0.99,77.88,0.97,77.47,0.97,77.37,0.97,77.44,0.97,77.41,0.97,76.55,0.99,77.71,0.99,77.49,0.99,77.56,0.99,77.77,0.99,71.6,65.48,72.01,65.12,Apparent arithmetic margin only: firm capacity minus reported actual/forecast MVA; not guaranteed connection headroom.
subtransmission_substation|KURINGAI|132/33kV,subtransmission_substation,KURINGAI,132/33kV,391.3,260.87,0.0,0.5,67.967535,0.0406,408.11,274.36,0.0,0.0,61.3605,0.0316,140.06,0.9,138.47,1.0,140.97,0.99,144.05,0.9,127.81,1.0,125.97,1.0,151.16,0.87,154.78,0.87,154.4,0.87,155.33,0.87,156.63,0.87,147.4,0.87,146.75,0.87,149.89,0.87,149.4,0.87,150.55,0.87,119.9,104.24,148.39,123.81,Apparent arithmetic margin only: firm capacity minus reported actual/forecast MVA; not guaranteed connection headroom.
subtransmission_substation|KURRI|132/33kV,subtransmission_substation,KURRI,132/33kV,223.43,156.15,0.0,1.75,85.020921,10.0323,242.98,161.98,0.0,0.0,78.272026,10.0323,116.86,0.98,129.8,0.96,130.51,0.96,86.06,0.97,93.82,0.99,80.24,1.0,118.43,0.96,122.61,0.96,123.69,0.96,124.61,0.96,125.75,0.96,95.97,0.99,96.59,0.99,100.0,0.99,101.18,0.99,102.07,0.99,25.64,30.4,81.74,59.91,Apparent arithmetic margin only: firm capacity minus reported actual/forecast MVA; not guaranteed connection headroom.
subtransmission_substation|MACQUARIE|132/33kV,subtransmission_substation,MACQUARIE,132/33kV,272.07,272.07,0.0,13.5,0.0,0.0,142.89,142.89,0.0,0.0,0.0,0.0,26.38,0.98,39.92,0.99,49.67,1.0,22.93,0.9,28.75,0.99,36.62,1.0,47.44,0.99,59.15,0.99,68.43,0.99,138.94,0.99,198.03,0.99,29.94,0.99,39.88,0.99,49.0,0.99,56.25,0.99,111.23,0.99,222.4,74.04,106.27,31.66,Apparent arithmetic margin only: firm capacity minus reported actual/forecast MVA; not guaranteed connection headroom.
subtransmission_substation|MEREWETHER|132/33kV,subtransmission_substation,MEREWETHER,132/33kV,403.48,274.36,0.0,0.5,75.20467,2.44491,403.48,274.36,0.0,0.0,69.748215,2.13291,158.4,0.9,159.93,0.98,184.66,0.98,131.98,0.9,123.07,1.0,126.43,1.0,187.9,0.9,190.69,0.9,189.22,0.9,191.97,0.9,192.22,0.9,150.43,0.9,150.82,0.9,153.75,0.9,153.59,0.9,156.52,0.9,89.7,82.14,147.93,117.84,Apparent arithmetic margin only: firm capacity minus reported actual/forecast MVA; not guaranteed connection headroom.
subtransmission_substation|MITCHELL LINE|132/66kV,subtransmission_substation,MITCHELL LINE,132/66kV,277.33,141.29,0.0,3.75,21.326575,6.3016,299.28,149.64,0.0,0.0,19.686065,5.5816,70.09,0.97,77.64,0.9,79.27,0.99,69.4,0.9,70.39,0.9,68.23,0.99,82.68,0.97,83.5,0.97,69.54,0.97,71.92,0.97,72.34,0.97,75.78,0.97,76.42,0.97,76.91,0.97,48.16,0.97,49.75,0.97,62.02,68.95,81.41,99.89,Apparent arithmetic margin only: firm capacity minus reported actual/forecast MVA; not guaranteed connection headroom.
subtransmission_substation|MUNMORAH|132/33kV,subtransmission_substation,MUNMORAH,132/33kV,156.27,80.99,0.0,0.25,16.130315,0.0066,156.27,80.99,0.0,6.0,15.232695,0.0066,28.73,0.97,27.13,0.97,26.44,0.96,28.54,0.96,26.04,0.98,27.37,0.98,22.76,0.97,23.2,0.97,22.96,0.97,22.75,0.97,23.13,0.97,27.4,0.98,27.17,0.98,27.75,0.98,27.6,0.98,27.48,0.98,54.55,57.86,53.62,53.51,Apparent arithmetic margin only: firm capacity minus reported actual/forecast MVA; not guaranteed connection headroom.
subtransmission_substation|MUSWELLBROOK|132/33kV,subtransmission_substation,MUSWELLBROOK,132/33kV,134.43,72.02,0.0,2.5,8.88853,0.0,147.92,76.13,0.0,0.0,8.45071,0.0,15.69,0.98,12.86,0.98,17.33,0.99,13.89,0.99,13.81,0.99,13.53,1.0,17.69,0.98,17.95,0.98,18.38,0.98,18.33,0.98,18.47,0.98,16.23,0.99,16.54,0.99,16.77,0.99,17.08,0.99,17.32,0.99,54.69,53.55,62.6,58.81,Apparent arithmetic margin only: firm capacity minus reported actual/forecast MVA; not guaranteed connection headroom.
subtransmission_substation|OURIMBAH|132/33kV,subtransmission_substation,OURIMBAH,132/33kV,,,0.0,0.0,6.07051,0.007,,,0.0,0.0,5.82821,0.007,,,,,,,,,,,,,,,,,,,,,,,,,,,,,,,,,,,,,
subtransmission_substation|PEAKHURST|132/33kV,subtransmission_substation,PEAKHURST,132/33kV,272.07,142.89,0.0,3.5,52.209898,0.23616,272.07,142.89,0.0,0.0,47.802383,0.23616,112.06,1.0,117.87,1.0,109.23,1.0,108.33,0.95,97.92,1.0,102.31,1.0,113.74,1.0,117.27,1.0,116.88,1.0,116.86,1.0,116.8,1.0,100.37,1.0,99.43,1.0,102.64,1.0,102.53,1.0,102.41,1.0,33.66,26.09,40.58,40.48,Apparent arithmetic margin only: firm capacity minus reported actual/forecast MVA; not guaranteed connection headroom.
subtransmission_substation|PORT HACKING|132/33kV,subtransmission_substation,PORT HACKING,132/33kV,236.63,159.13,0.0,2.0,34.064195,22.2602,242.98,161.98,0.0,0.0,30.970475,22.2602,93.18,0.99,87.06,0.9,79.44,1.0,85.62,1.0,76.09,0.9,64.74,1.0,86.83,0.99,88.16,0.99,86.86,0.99,87.07,0.99,86.45,0.99,72.22,0.99,72.05,0.99,73.75,0.99,73.45,0.99,74.4,0.99,79.69,72.68,97.24,87.58,Apparent arithmetic margin only: firm capacity minus reported actual/forecast MVA; not guaranteed connection headroom.
subtransmission_substation|PYRMONT|132/33kV,subtransmission_substation,PYRMONT,132/33kV,299.05,169.99,0.0,12.75,2.67842,0.0,299.05,173.47,0.0,0.0,2.31186,0.0,71.32,0.9,67.14,0.98,63.74,0.99,59.41,0.9,53.22,0.99,54.54,0.99,103.29,0.9,104.11,0.9,106.62,0.9,110.66,0.9,111.32,0.9,62.3,0.9,85.73,0.9,86.42,0.9,88.85,0.9,92.74,0.9,106.25,58.67,118.93,80.73,Apparent arithmetic margin only: firm capacity minus reported actual/forecast MVA; not guaranteed connection headroom.
subtransmission_substation|ROZELLE|132/33kV,subtransmission_substation,ROZELLE,132/33kV,142.09,72.13,0.0,0.0,0.0,0.0,142.09,76.19,0.0,1.25,0.0,0.0,9.62,0.9,9.49,0.97,7.94,0.98,12.04,0.67,13.13,0.94,8.43,1.0,39.96,0.97,39.95,0.97,15.36,0.97,15.37,0.97,15.36,0.97,8.9,0.94,37.95,0.94,37.93,0.94,18.12,0.94,18.14,0.94,64.19,56.77,67.76,58.05,Apparent arithmetic margin only: firm capacity minus reported actual/forecast MVA; not guaranteed connection headroom.
subtransmission_substation|SINGLETON|132/66kV,subtransmission_substation,SINGLETON,132/66kV,405.71,284.42,0.0,7.25,42.42748,12.8828,428.68,285.79,0.0,0.0,39.449445,12.7866,137.29,0.94,151.28,0.9,137.33,0.95,136.9,0.95,136.09,0.9,127.79,0.95,140.1,0.94,140.24,0.94,139.31,0.94,139.67,0.94,140.04,0.94,142.18,0.9,144.05,0.9,144.3,0.9,145.03,0.9,145.22,0.9,147.09,144.38,158.0,140.57,Apparent arithmetic margin only: firm capacity minus reported actual/forecast MVA; not guaranteed connection headroom.
subtransmission_substation|SURRY HILLS|132/33kV,subtransmission_substation,SURRY HILLS,132/33kV,466.41,346.72,0.0,4.75,3.962955,4.2275,466.41,346.72,0.0,0.0,3.502045,4.2275,134.65,0.99,115.7,0.98,117.62,1.0,122.51,1.0,120.33,0.9,100.73,1.0,179.3,0.99,197.09,0.99,197.04,0.99,197.67,0.99,198.15,0.99,123.61,0.9,160.5,0.9,177.47,0.9,179.3,0.9,180.79,0.9,229.1,148.57,245.99,165.93,Apparent arithmetic margin only: firm capacity minus reported actual/forecast MVA; not guaranteed connection headroom.
subtransmission_substation|SYDNEY EAST|132/33kV,subtransmission_substation,SYDNEY EAST,132/33kV,233.2,118.14,0.0,0.25,42.217272,1.021,233.2,128.83,0.0,0.0,38.003212,1.021,71.81,0.98,71.36,1.0,72.68,0.99,70.58,0.98,66.53,1.0,68.06,1.0,91.1,0.81,92.6,0.81,91.76,0.81,90.81,0.81,90.0,0.81,86.86,0.91,87.75,0.91,89.81,0.91,89.41,0.91,88.84,0.91,45.46,28.14,60.77,39.99,Apparent arithmetic margin only: firm capacity minus reported actual/forecast MVA; not guaranteed connection headroom.
subtransmission_substation|TOMAGO|132/33kV,subtransmission_substation,TOMAGO,132/33kV,219.31,153.07,0.0,0.75,79.740226,0.5,241.26,161.76,0.0,0.0,73.748015,0.0,115.7,0.98,129.46,0.97,132.36,0.96,96.25,0.99,95.55,0.99,101.12,0.98,124.87,0.98,128.17,0.98,130.28,0.98,127.67,0.98,130.94,0.98,102.09,0.99,101.55,0.99,104.16,0.99,106.41,0.99,103.42,0.99,20.71,22.13,60.64,58.34,Apparent arithmetic margin only: firm capacity minus reported actual/forecast MVA; not guaranteed connection headroom.
subtransmission_substation|WARRINGAH|132/33kV,subtransmission_substation,WARRINGAH,132/33kV,493.39,305.28,0.0,0.0,79.983015,2.51452,503.96,332.66,0.0,9.5,72.508785,2.51452,161.31,1.0,161.88,1.0,159.18,1.0,204.4,1.0,162.53,1.0,168.9,1.0,159.84,1.0,161.48,1.0,161.52,1.0,161.28,1.0,163.14,1.0,168.76,1.0,167.6,1.0,170.1,1.0,171.2,1.0,171.2,1.0,146.1,142.14,163.76,161.46,Apparent arithmetic margin only: firm capacity minus reported actual/forecast MVA; not guaranteed connection headroom.
subtransmission_substation|WILLOUGHBY|132/33kV,subtransmission_substation,WILLOUGHBY,132/33kV,338.14,225.43,0.0,0.75,17.352345,0.1,349.8,239.03,0.0,0.0,15.98063,0.1,95.08,1.0,114.37,0.99,117.55,0.99,103.97,0.97,95.6,1.0,99.62,1.0,156.2,0.97,189.66,0.97,200.87,0.96,211.63,0.96,222.21,0.96,117.71,0.97,149.11,0.97,176.03,0.97,185.51,0.97,194.56,0.97,107.88,3.22,139.41,44.47,Apparent arithmetic margin only: firm capacity minus reported actual/forecast MVA; not guaranteed connection headroom.
subtransmission_substation|GOSFORD|132/66kV,subtransmission_substation,GOSFORD,132/66kV,349.8,225.43,0.0,0.25,74.77454,2.82259,349.8,233.2,0.0,0.0,68.7909,2.32611,127.03,0.99,133.07,0.99,134.71,0.99,113.83,1.0,107.79,1.0,108.76,1.0,128.37,0.99,130.82,0.99,130.94,0.99,130.6,0.99,133.07,0.99,126.1,1.0,124.13,1.0,126.6,1.0,126.93,1.0,126.49,1.0,90.72,92.36,124.44,106.71,Apparent arithmetic margin only: firm capacity minus reported actual/forecast MVA; not guaranteed connection headroom.
subtransmission_substation|OURIMBAH|132/66kV,subtransmission_substation,OURIMBAH,132/66kV,216.06,91.8,0.0,0.75,27.71136,0.0,216.06,91.8,0.0,1.5,26.041805,0.0,48.94,0.99,49.87,0.99,48.79,0.99,48.35,0.99,46.26,1.0,48.13,1.0,40.36,0.99,40.69,0.99,40.41,0.99,42.33,0.99,42.25,0.99,41.41,1.0,41.06,1.0,41.55,1.0,41.48,1.0,43.18,1.0,43.01,49.55,43.67,48.62,Apparent arithmetic margin only: firm capacity minus reported actual/forecast MVA; not guaranteed connection headroom.
subtransmission_substation|WARATAH|132/33kV,subtransmission_substation,WARATAH,132/33kV,146.55,76.9,0.0,0.0,0.0,0.0,155.47,77.7,0.0,0.0,0.0,0.0,63.42,0.9,58.22,0.9,17.27,0.9,69.04,0.9,62.33,0.9,15.24,0.9,9.13,0.88,9.11,0.88,9.11,0.88,9.13,0.88,9.13,0.88,7.92,0.88,8.05,0.88,8.03,0.88,8.05,0.88,8.08,0.88,59.63,67.77,62.46,69.62,Apparent arithmetic margin only: firm capacity minus reported actual/forecast MVA; not guaranteed connection headroom.
subtransmission_substation|MORISSET|132/33kV,subtransmission_substation,MORISSET,132/33kV,60.07,0.0,0.0,0.0,0.0,0.0,60.07,0.0,0.0,2.25,0.0,0.0,20.12,0.85,10.95,0.91,7.52,0.96,18.6,0.81,13.94,0.83,9.06,0.93,13.78,0.91,13.74,0.91,13.75,0.91,13.78,0.91,13.79,0.91,15.68,0.83,15.93,0.83,15.89,0.83,15.9,0.83,15.94,0.83,-7.52,-13.79,-9.06,-15.94,Apparent arithmetic margin only: firm capacity minus reported actual/forecast MVA; not guaranteed connection headroom.
