source_record_id,region,substation,kv,transformer_rating_tx1,transformer_rating_tx2,transformer_rating_tx3,transformer_max_nameplate_tx1_mva,transformer_max_nameplate_tx2_mva,transformer_max_nameplate_tx3_mva,summer_firm_normal_cyclic_rating_mva,summer_forecast_pf,summer_forecast_2025_26_mva,summer_forecast_2026_27_mva,summer_forecast_2027_28_mva,summer_forecast_2028_29_mva,summer_forecast_2029_30_mva,summer_embedded_generation_mw,summer_95pct_peak_exceeded_hours,winter_firm_normal_cyclic_rating_mva,winter_forecast_pf,winter_forecast_2026_mva,winter_forecast_2027_mva,winter_forecast_2028_mva,winter_forecast_2029_mva,winter_forecast_2030_mva,winter_embedded_generation_mw,winter_95pct_peak_exceeded_hours,summer_2029_apparent_firm_margin_mva,winter_2030_apparent_firm_margin_mva
zone_substation|Albury|Corowa|132/22,Albury,Corowa,132/22,30,27/30,,30,30,,33,0.965,17.17,17.15,17.2,17.23,17.22,9.52,1.5,36,0.983,14.2,14.37,14.52,14.66,14.78,9.52,6,15.780000000000001,21.22
zone_substation|Albury|Jelbart|132/22,Albury,Jelbart,132/22,30/44,30/44,,44,44,,48.4,0.998,39.54,40.44,41.24,41.96,42.78,18.31,1,52.8,0.991,34.1,34.14,34.2,34.26,34.31,18.31,5,5.619999999999997,18.489999999999995
zone_substation|Albury|Mulwala|132/22,Albury,Mulwala,132/22,30,30,,30,30,,33,0.989,13.01,13.03,13.1,13.17,13.24,6.96,3.5,36,0.998,11.19,11.27,11.35,11.44,11.5,6.96,31.5,19.759999999999998,24.5
zone_substation|Albury|Union Rd|132/22,Albury,Union Rd,132/22,30,30/40,30/44,30,40,44,77,0.997,60.62,61.04,61.48,61.86,62.2,49.36,3,84,0.999,49.09,49.73,50.33,50.91,51.41,49.36,4,14.799999999999997,32.59
zone_substation|Armidale|Galloway St|66/11,Armidale,Galloway St,66/11,12.5/16,10/12.5,,16,12.5,,13.75,1,8.7,8.74,8.76,8.79,8.82,9.41,2,15,1,14.41,14.56,14.71,14.83,14.95,9.41,4.5,4.93,0.05000000000000071
zone_substation|Armidale|Hillgrove|66/11,Armidale,Hillgrove,66/11,5/6.25,,,6.25,,,0,0.902,0.35,0.35,0.36,0.36,0.37,0.22,2,0,0.945,0.46,0.46,0.47,0.47,0.48,0.22,0.5,-0.37,-0.48
zone_substation|Armidale|Madgwick Dr|66/11,Armidale,Madgwick Dr,66/11,10/12.5,10/16,,12.5,16,,13.75,0.994,7.29,7.31,7.32,7.33,7.35,6.43,1,15,0.995,12.07,12.18,12.28,12.38,12.46,6.43,3,6.4,2.539999999999999
zone_substation|Armidale|Miller St|66/11,Armidale,Miller St,66/11,12.5/16,10/16,,16,16,,17.6,0.999,6.65,6.65,6.65,6.64,6.64,5.97,0.5,19.2,1,11.64,11.63,11.61,11.6,11.58,5.97,3.5,10.96,7.619999999999999
zone_substation|Armidale|Oaky|66/11,Armidale,Oaky,66/11,3.5,3.5,,3.5,3.5,,3.85,0.951,0.36,0.36,0.36,0.36,0.36,0.21,3.5,4.2,0.95,0.46,0.46,0.47,0.47,0.48,0.21,3.5,3.49,3.72
zone_substation|Armidale|Uralla|66/11,Armidale,Uralla,66/11,8,5,,8,5,,5.5,0.95,2.73,2.74,2.76,2.77,2.78,3.62,1.5,6,0.95,4.58,4.62,4.65,4.69,4.72,3.62,2.5,2.72,1.2800000000000002
zone_substation|Armidale|Walcha South 22/11kV|22/11,Armidale,Walcha South 22/11kV,22/11,3,3,,3,3,,3.3,0.998,1.17,1.17,1.17,1.17,1.17,1.25,2,3.6,1,1.89,1.92,1.95,1.97,1.99,1.25,5,2.13,1.61
zone_substation|Armidale|Walcha South 66/22kV|66/22,Armidale,Walcha South 66/22kV,66/22,8,8/10,,8,10,,8.8,0.761,1.53,1.54,1.56,1.58,1.59,1.13,11,9.6,0.735,2.16,2.18,2.21,2.23,2.25,1.13,2.5,7.210000000000001,7.35
zone_substation|Bathurst|Blayney|66/11,Bathurst,Blayney,66/11,20,14/20,,20,20,,22,0.988,10.4,10.41,10.44,10.45,10.48,5.71,3,24,0.992,14.46,14.78,15.02,15.27,15.53,5.71,6.5,11.52,8.47
zone_substation|Bathurst|Mandurama|66/11,Bathurst,Mandurama,66/11,2.5,3/4,,2.5,4,,2.75,0.998,1.8,1.8,1.81,1.81,1.81,1.85,2,3,1,2.22,2.21,2.2,2.19,2.19,1.85,6.5,0.94,0.81
zone_substation|Bathurst|Raglan|66/11,Bathurst,Raglan,66/11,18/30,18/30,,30,30,,33,1,20.45,20.45,20.48,20.44,20.48,13.28,1,36,0.997,20.59,20.7,20.84,20.93,21.04,13.28,7,12.52,14.96
zone_substation|Bathurst|Russell Street|66/11,Bathurst,Russell Street,66/11,20/30,15/30,20/30,30,30,30,66,0.984,22.96,23.33,23.7,24.02,24.33,11.24,1.5,72,0.995,25.14,25.55,25.91,26.33,26.72,11.24,8,41.67,45.28
zone_substation|Bathurst|Stewart|66/11,Bathurst,Stewart,66/11,13/20,15/18/25,,20,25,,22,0.998,20.3,20.25,20.25,20.27,20.27,15.11,1,24,0.991,20.18,20.39,20.59,20.78,20.96,15.11,14,1.7300000000000004,3.039999999999999
zone_substation|Bega|Bega 132kV|132/66,Bega,Bega 132kV,132/66,35/60,35/60,,60,60,,66,0.991,30.6,30.67,30.78,30.92,30.99,0,2.5,72,0.995,42.59,42.69,42.81,42.95,43.05,0,4,35.010000000000005,28.950000000000003
zone_substation|Bega|Bermagui|33/11,Bega,Bermagui,33/11,5,5,,5,5,,5.5,1,2.55,2.55,2.55,2.55,2.55,3.23,1.5,6,1,3.3,3.36,3.41,3.46,3.51,3.23,4,2.95,2.49
zone_substation|Bega|Brogo|33/11,Bega,Brogo,33/11,3,,,3,,,0,0.983,0.78,0.79,0.79,0.8,0.81,0.66,5,0,0.993,0.66,0.66,0.66,0.66,0.67,0.66,2.5,-0.81,-0.67
zone_substation|Bega|Cobargo|33/11,Bega,Cobargo,33/11,3,2.5,,3,2.5,,2.75,0.999,1.2,1.2,1.2,1.2,1.2,2.15,1,3,0.999,1.56,1.57,1.58,1.59,1.6,2.15,7,1.55,1.4
zone_substation|Bega|Eden South|66/11,Bega,Eden South,66/11,10/16,10/16,,16,16,,17.6,0.998,4.03,4.07,4.12,4.16,4.21,5.98,2,19.2,1,4.95,4.96,4.96,4.97,4.97,5.98,4.5,13.39,14.23
zone_substation|Bega|Edrom|66/11,Bega,Edrom,66/11,5,5,,5,5,,5.5,0.876,2.27,2.23,2.19,2.17,2.14,0,0.5,6,0.942,2.15,2.15,2.15,2.15,2.15,0,3.5,3.36,3.85
zone_substation|Bega|Maher Street 66/11kV|66/11,Bega,Maher Street 66/11kV,66/11,24/30,24/30,,30,30,,33,0.986,12.82,12.88,12.87,12.92,12.93,10.65,3,36,0.997,15.37,15.45,15.52,15.61,15.68,10.65,5.5,20.07,20.32
zone_substation|Bega|Maher Street 66/33kV|66/33,Bega,Maher Street 66/33kV,66/33,8,,,8,,,0,1,3.86,3.83,3.8,3.77,3.76,0,3,0,0.999,5.57,5.56,5.56,5.55,5.54,0,6,-3.76,-5.54
zone_substation|Bega|Pambula|66/11,Bega,Pambula,66/11,10/13/16,10/13/16,,16,16,,17.6,0.999,11.5,11.52,11.56,11.6,11.64,12.51,2,19.2,1,16.47,16.5,16.53,16.57,16.61,12.51,5,5.960000000000001,2.59
zone_substation|Bega|Quira|66/11,Bega,Quira,66/11,5,,,5,,,0,0.968,1.42,1.44,1.46,1.48,1.5,1.12,1.5,0,0.985,1.35,1.36,1.35,1.35,1.35,1.12,2.5,-1.5,-1.35
zone_substation|Beryl|Coonabarabran|66/22,Beryl,Coonabarabran,66/22,10/13,10/13,,13,13,,14.3,1,7.85,7.89,7.88,7.89,7.91,6.72,1.5,15.6,0.99,8.15,8.12,8.11,8.09,8.08,6.72,8.5,6.390000000000001,7.52
zone_substation|Beryl|Dunedoo|66/22,Beryl,Dunedoo,66/22,7.5/10,7.5/10,,10,10,,11,0.999,5.09,5.13,5.18,5.2,5.26,4.24,1,12,0.99,4.87,4.85,4.84,4.84,4.83,4.24,7.5,5.74,7.17
zone_substation|Beryl|Gulgong|66/22,Beryl,Gulgong,66/22,5,,,5,,,0,0.999,3.8,3.83,3.84,3.86,3.89,2.33,1.5,0,0.997,3.37,3.36,3.36,3.35,3.35,2.33,3.5,-3.89,-3.35
"zone_substation|Beryl|Mudgee|132/22, 66/22",Beryl,Mudgee,"132/22, 66/22",18/30,30,,30,30,,33,1,28.55,29.04,29.55,30.07,30.6,18.38,1.5,36,0.996,25.04,25.12,25.22,25.31,25.4,18.38,12,2.3999999999999986,10.600000000000001
zone_substation|Beryl|Ulan Town|66/22,Beryl,Ulan Town,66/22,3,2.5,,3,2.5,,2.75,1,2.79,2.78,2.77,2.76,2.76,1.71,2,3,0.995,2.56,2.59,2.61,2.64,2.66,1.71,1,-0.009999999999999787,0.33999999999999986
zone_substation|Broken Hill|Menindee|66/22,Broken Hill,Menindee,66/22,4/5,4/5,,5,5,,5.5,0.999,0.99,0.99,1,1,1,1.03,2.5,6,0.998,0.73,0.73,0.73,0.73,0.73,1.03,0.5,4.5,5.27
zone_substation|Broken Hill|Mt Gipps 33kV|66/33,Broken Hill,Mt Gipps 33kV,66/33,1.5,1.5,,1.5,1.5,,1.65,0.987,1.29,1.34,1.38,1.44,1.48,0.95,5.5,1.8,0.813,1.24,1.33,1.43,1.51,1.58,0.95,8,0.16999999999999993,0.21999999999999997
zone_substation|Broken Hill|Mt Gipps 6.6kV|66/6.6,Broken Hill,Mt Gipps 6.6kV,66/6.6,1.5,1.5/2,,1.5,2,,1.65,1,0.43,0.42,0.42,0.42,0.42,0.13,2,1.8,0.999,0.46,0.46,0.46,0.46,0.46,0.13,4.5,1.23,1.34
zone_substation|Broken Hill|Pinnacles Place|22/66,Broken Hill,Pinnacles Place,22/66,15,15,,15,15,,16.5,0.914,5.57,5.93,5.92,5.92,5.92,0,2,18,0.808,5.11,5.93,5.95,5.98,6,0,0.5,10.58,12
zone_substation|Broken Hill|Sunset Strip 22kV|66/22,Broken Hill,Sunset Strip 22kV,66/22,5,,,5,,,0,0.981,0.64,0.65,0.65,0.66,0.66,0.35,1,0,1,0.44,0.45,0.45,0.45,0.45,0.35,0.5,-0.66,-0.45
zone_substation|Broken Hill|Sunset Strip 33kV|66/33,Broken Hill,Sunset Strip 33kV,66/33,4,4,,4,4,,4.4,0.989,2.37,2.36,2.35,2.34,2.35,0.26,3.5,4.8,0.974,2.34,2.36,2.37,2.39,2.4,0.26,0.5,2.0500000000000003,2.4
zone_substation|Broken Hill|TransGrid 220/22kV Total Broken Hill 22kV Supply|,Broken Hill,TransGrid 220/22kV Total Broken Hill 22kV Supply,,,,,,,,0,0.996,37.39,38.06,38.22,38.39,38.58,26.2,15,0,1,34.01,35.09,35.08,35.08,35.02,26.2,15,-38.58,-35.02
zone_substation|Broken Hill|Wilcannia 33kV|,Broken Hill,Wilcannia 33kV,,,,,,,,0,0.897,0.7,0.71,0.72,0.72,0.73,0.33,3,0,0.789,0.64,0.65,0.65,0.66,0.66,0.33,2,-0.73,-0.66
zone_substation|Broken Hill|Wilcannia 6.6kV|33/6.6,Broken Hill,Wilcannia 6.6kV,33/6.6,3.5,3.5,,3.5,3.5,,3.85,0.984,1.19,1.21,1.24,1.26,1.28,0.68,3.5,4.2,0.993,1.37,1.39,1.41,1.43,1.45,0.68,0.5,2.5700000000000003,2.75
zone_substation|Buronga|Buronga Town|66/22,Buronga,Buronga Town,66/22,20/30,20/30,,30,30,,33,0.977,17.41,17.73,17.99,18.21,18.42,5.79,3,36,0.999,9.15,9.27,9.37,9.48,9.57,5.79,7,14.579999999999998,26.43
zone_substation|Buronga|Dareton|66/22,Buronga,Dareton,66/22,24/30,24/30,,30,30,,33,0.973,8.14,8.19,8.24,8.28,8.34,4.55,6,36,1,4.25,4.28,4.32,4.36,4.4,4.55,9.5,24.66,31.6
zone_substation|Buronga|Ellerslie|66/22,Buronga,Ellerslie,66/22,8,,,8,,,0,1,3.21,3.25,3.29,3.34,3.37,0.65,6,0,0.974,1.64,1.65,1.66,1.67,1.68,0.65,1.5,-3.37,-1.68
zone_substation|Buronga|Ginkgo|66/22,Buronga,Ginkgo,66/22,12.5/16,,,16,,,0,0.863,0.48,0.5,0.51,0.49,0.51,0,2.5,0,0.99,0.08,0.07,0.08,0.08,0.08,0,2,-0.51,-0.08
zone_substation|Buronga|Powercor Robinvale 22kV Euston Distribution Supply|,Buronga,Powercor Robinvale 22kV Euston Distribution Supply,,,,,,,,0,0.977,7.61,7.69,7.75,7.81,7.85,1.33,1.5,0,0.99,3.91,3.95,3.99,4.03,4.06,1.33,0.5,-7.85,-4.06
zone_substation|Buronga|Snapper|66/22,Buronga,Snapper,66/22,10/16,,,16,,,0,0.323,0.09,0.09,0.09,0.09,0.09,0,6,0,0.138,0.03,0.03,0.03,0.03,0.03,0,0.5,-0.09,-0.03
zone_substation|Buronga|TransGrid 220/22kV Total Balranald 22kV Supply|,Buronga,TransGrid 220/22kV Total Balranald 22kV Supply,,,,,,,,0,0.996,3.99,3.99,3.99,4,4,1.34,6,0,0.935,3.35,3.42,3.48,3.54,3.59,1.34,4.5,-4,-3.59
zone_substation|Casino|Bonalbo|33/11,Casino,Bonalbo,33/11,3,2.5,,3,2.5,,2.75,0.914,0.87,0.87,0.87,0.87,0.86,0.97,7,3,0.901,0.82,0.82,0.82,0.83,0.83,0.97,0.5,1.8900000000000001,2.17
zone_substation|Casino|Casino 132/66kV|132/66,Casino,Casino 132/66kV,132/66,35/45/60,,,60,,,0,0.991,33.75,33.68,33.63,33.63,33.63,0,1,0,0.998,23.38,23.57,23.72,23.86,23.99,0,8,-33.63,-23.99
zone_substation|Casino|Casino 66/11kV|66/11,Casino,Casino 66/11kV,66/11,20/30,20/30,,30,30,,33,0.995,25.66,25.78,25.87,25.92,26,18.44,3,36,0.998,19.61,19.71,19.76,19.83,19.91,18.44,9,7,16.09
zone_substation|Casino|Casino 66/33kV|66/33,Casino,Casino 66/33kV,66/33,8,3.5,,8,3.5,,3.85,0.996,3.16,3.13,3.11,3.08,3.06,0,4.5,4.2,1,3.26,3.28,3.31,3.33,3.35,0,4,0.79,0.8500000000000001
zone_substation|Casino|Mallanganee|33/11,Casino,Mallanganee,33/11,5/8,2.5,,8,2.5,,2.75,1,1.22,1.21,1.21,1.2,1.2,1.02,11.5,3,0.997,1.3,1.32,1.33,1.34,1.34,1.02,6,1.55,1.66
zone_substation|Casino|Rappville|66/11,Casino,Rappville,66/11,5/6.25,5,,6.25,5,,5.5,0.999,0.55,0.55,0.55,0.56,0.56,0.71,1,6,0.996,0.44,0.44,0.44,0.45,0.45,0.71,1.5,4.9399999999999995,5.55
zone_substation|Casino|Urbenville|33/11,Casino,Urbenville,33/11,5/8,2.5,,8,2.5,,2.75,0.996,0.83,0.83,0.83,0.83,0.83,0.75,7,3,0.999,0.95,0.95,0.96,0.97,0.97,0.75,10,1.92,2.0300000000000002
zone_substation|Coffs Harbour|Boambee South 11kV|132/66/11,Coffs Harbour,Boambee South 11kV,132/66/11,60/30/30,,,30,30,,33,1,9.61,9.69,9.76,9.8,9.83,9.98,1.5,36,0.999,10.15,10.25,10.34,10.42,10.49,9.98,2.5,23.17,25.509999999999998
zone_substation|Coffs Harbour|Boambee South 66kV|132/66/11,Coffs Harbour,Boambee South 66kV,132/66/11,,60/30/30,,30,30,,33,0.997,8.21,8.19,8.16,8.14,8.12,0,2.5,36,0.975,9.29,9.3,9.29,9.29,9.3,0,2.5,24.880000000000003,26.7
zone_substation|Coffs Harbour|Coffs Harbour North|66/11,Coffs Harbour,Coffs Harbour North,66/11,15/19/23,15/20/25,15/19/23,23,25,23,50.6,0.995,22.99,23.91,24.7,25.37,26.06,17.83,1.5,55.2,1,23.14,23.25,23.34,23.44,23.52,17.83,6,24.540000000000003,31.680000000000003
zone_substation|Coffs Harbour|Coffs Harbour South|66/11,Coffs Harbour,Coffs Harbour South,66/11,20/30,20/30,,30,30,,33,0.996,21.22,21.23,21.25,21.26,21.28,11.03,2,36,0.998,17.93,18.06,18.17,18.28,18.38,11.03,6,11.719999999999999,17.62
"zone_substation|Coffs Harbour|Dorrigo|132/11, 66/11",Coffs Harbour,Dorrigo,"132/11, 66/11",7.5/10,10,,10,10,,11,1,1.99,1.95,1.92,1.89,1.86,2.84,7,12,1,2.73,2.74,2.75,2.77,2.78,2.84,3.5,9.14,9.22
zone_substation|Coffs Harbour|Moonee|66/11,Coffs Harbour,Moonee,66/11,10/16,10/16,,16,16,,17.6,1,6.49,6.54,6.57,6.61,6.65,8.94,1.5,19.2,0.999,6.46,6.56,6.65,6.74,6.82,8.94,1.5,10.950000000000001,12.379999999999999
zone_substation|Coffs Harbour|Nana Glen|66/11,Coffs Harbour,Nana Glen,66/11,5/6.25,8,,6.25,8,,6.88,0.999,2.75,2.71,2.69,2.67,2.64,3.28,6,7.5,0.999,2.88,2.93,2.96,3,3.03,3.28,1.5,4.24,4.470000000000001
zone_substation|Coffs Harbour|Sawtell|66/11,Coffs Harbour,Sawtell,66/11,15/19/24.5,15/19/25,,24.5,25,,26.95,0.924,9.59,9.78,9.95,10.15,10.33,8.28,2.5,29.4,0.944,10.5,10.53,10.56,10.55,10.6,8.28,3,16.619999999999997,18.799999999999997
zone_substation|Coffs Harbour|Ulong|66/11,Coffs Harbour,Ulong,66/11,2.5,,,2.5,,,0,0.983,0.34,0.34,0.34,0.34,0.34,0.5,1.5,0,0.948,0.5,0.51,0.51,0.51,0.52,0.5,1,-0.34,-0.52
zone_substation|Coffs Harbour|Woolgoolga|66/11,Coffs Harbour,Woolgoolga,66/11,20/30,20/30,,30,30,,33,0.994,11.23,11.44,11.64,11.86,12.05,15.04,2,36,0.993,13.21,13.33,13.41,13.5,13.59,15.04,4,20.95,22.41
zone_substation|Coleambally|Coleambally 132kV|132/33,Coleambally,Coleambally 132kV,132/33,17.5/25,25,,25,25,,27.5,0.959,14.7,14.92,15.1,15.29,15.45,0.42,4,30,0.949,9.86,9.95,10.02,10.09,10.15,0.42,1,12.05,19.85
zone_substation|Coleambally|Coleambally 33/11kV|33/11,Coleambally,Coleambally 33/11kV,33/11,7.5,7.5,,7.5,7.5,,8.25,0.958,2.07,2.09,2.1,2.12,2.14,0.86,1,9,0.956,1.7,1.73,1.75,1.77,1.79,0.86,1,6.109999999999999,7.21
zone_substation|Coleambally|Darlington Point|33/11,Coleambally,Darlington Point,33/11,10/12.5,10/14,,12.5,14,,13.75,0.85,4.36,4.43,4.49,4.54,4.59,1.14,3,15,0.901,2.83,2.85,2.88,2.9,2.92,1.14,6.5,9.16,12.08
zone_substation|Coleambally|Egansford|33/11,Coleambally,Egansford,33/11,2.5,5,,2.5,5,,2.75,0.88,1.14,1.18,1.23,1.28,1.32,0.12,3,3,0.88,1.07,1.16,1.24,1.3,1.36,0.12,3,1.43,1.64
zone_substation|Coleambally|Ringwood Road|33/11,Coleambally,Ringwood Road,33/11,5,,,5,,,0,0.778,3.31,3.38,3.43,3.47,3.51,0.51,16.5,0,0.778,2.22,2.25,2.29,2.31,2.33,0.51,3.5,-3.51,-2.33
zone_substation|Cooma|Adaminaby 11kV|66/33/11,Cooma,Adaminaby 11kV,66/33/11,8,,5,8,,5,5.5,0.996,0.81,0.82,0.83,0.84,0.85,0.75,2,6,0.997,1.33,1.34,1.34,1.34,1.34,0.75,5.5,4.65,4.66
zone_substation|Cooma|Adaminaby 33kV|66/33/11,Cooma,Adaminaby 33kV,66/33/11,,5,,,5,,5.5,0.931,0.07,0.07,0.07,0.07,0.07,0,1.5,6,0.99,0.13,0.13,0.13,0.13,0.13,0,1.5,5.43,5.87
zone_substation|Cooma|Cooma 66/11kV|66/11,Cooma,Cooma 66/11kV,66/11,15/20,15/20,,20,20,,22,0.999,8.88,8.86,8.87,8.87,8.87,7.3,2,24,0.999,14.66,14.81,14.94,15.06,15.19,7.3,17.5,13.13,8.81
zone_substation|Cooma|Eucumbene|66/11,Cooma,Eucumbene,66/11,3,,,3,,,0,0.941,0.13,0.13,0.13,0.13,0.13,0.08,0.5,0,0.948,0.21,0.21,0.21,0.21,0.21,0.08,1.5,-0.13,-0.21
zone_substation|Cooma|Jindabyne 11kV|66/33/11,Cooma,Jindabyne 11kV,66/33/11,15/30,15/30,,30,30,,33,1,4.06,4.11,4.16,4.2,4.25,4.12,8.5,36,0.999,14,14.11,14.2,14.32,14.4,4.12,14.5,28.75,21.6
zone_substation|Cooma|Jindabyne 33kV|66/33/11,Cooma,Jindabyne 33kV,66/33/11,15,,,15,,,0,0.912,0.22,0.23,0.23,0.23,0.23,0.3,2,0,0.991,0.7,0.7,0.7,0.7,0.71,0.3,10.5,-0.23,-0.71
zone_substation|Cooma|Jindabyne East|66/11,Cooma,Jindabyne East,66/11,8/10,8/10,,10,10,,11,1,1.83,1.83,1.83,1.83,1.83,2.89,3.5,12,0.998,5.16,5.17,5.19,5.21,5.23,2.89,9,9.17,6.77
zone_substation|Cooma|Providence Portal|33/11,Cooma,Providence Portal,33/11,0.5,,,0.5,,,0,0.904,0.06,0.06,0.06,0.06,0.06,0,1,0,0.974,0.12,0.12,0.12,0.12,0.12,0,0.5,-0.06,-0.12
zone_substation|Cowra|Bendick Murrell|66/11,Cowra,Bendick Murrell,66/11,2.8,,,2.8,,,0,0.965,1.64,1.64,1.64,1.63,1.63,1.48,3.5,0,0.995,1.35,1.37,1.38,1.39,1.41,1.48,12.5,-1.63,-1.41
zone_substation|Cowra|Canowindra|66/11,Cowra,Canowindra,66/11,5,8,,5,8,,5.5,0.992,6.04,6.03,6.02,6.02,6.03,3.95,1.5,6,1,4.72,4.72,4.72,4.72,4.72,3.95,2,-0.5300000000000002,1.2800000000000002
zone_substation|Cowra|Cowra|66/11,Cowra,Cowra,66/11,15/30,15/30,,30,30,,33,1,19.71,19.72,19.75,19.71,19.73,11.81,2,36,0.993,16.71,16.77,16.82,16.89,16.94,11.81,2,13.27,19.06
zone_substation|Cowra|Grenfell|66/11,Cowra,Grenfell,66/11,8,5,,8,5,,5.5,0.95,3.69,3.62,3.55,3.49,3.43,4.39,2,6,0.95,3.07,2.95,2.84,2.74,2.66,4.39,5,2.07,3.34
zone_substation|Cowra|Monteagle|66/11,Cowra,Monteagle,66/11,1,,,1,,,0,0.98,0.85,0.87,0.88,0.9,0.91,0.68,3.5,0,0.99,0.89,0.9,0.9,0.9,0.9,0.68,5,-0.91,-0.9
zone_substation|Darlington Point|Carrathool|33/11,Darlington Point,Carrathool,33/11,1.5,1.5,,1.5,1.5,,1.65,0.887,0.83,0.85,0.87,0.89,0.91,0.22,5.5,1.8,0.882,0.71,0.79,0.85,0.9,0.95,0.22,1,0.7399999999999999,0.8500000000000001
zone_substation|Darlington Point|Hay 132kV|132/33,Darlington Point,Hay 132kV,132/33,24/30,30/36,,30,36,,33,0.966,10.77,10.98,11.14,11.3,11.45,1.11,4,36,0.957,17.15,17.27,17.36,17.46,17.55,1.11,11.5,21.55,18.45
zone_substation|Darlington Point|Hay Town|33/11,Darlington Point,Hay Town,33/11,8/11,8/10,,11,10,,11,0.992,4.88,4.89,4.91,4.93,4.94,3.66,1.5,12,0.995,6.61,6.57,6.56,6.55,6.52,3.66,20.5,6.06,5.48
zone_substation|Darlington Point|Hillston|132/33,Darlington Point,Hillston,132/33,30,12/16,,30,16,,17.6,1,11.2,11.44,11.71,11.95,12.22,3.32,2.5,19.2,0.987,7.11,7.09,7.07,7.07,7.06,3.32,1,5.380000000000001,12.14
zone_substation|Darlington Point|Ivanhoe|33/11,Darlington Point,Ivanhoe,33/11,1,1,,1,1,,1.1,0.97,1.06,1.07,1.08,1.09,1.1,0.38,4.5,1.2,0.959,0.87,0.89,0.91,0.92,0.93,0.38,2,0.0,0.2699999999999999
zone_substation|Deniliquin|Barham|66/22,Deniliquin,Barham,66/22,10/16,10,,16,10,,11,0.997,5.56,5.59,5.6,5.61,5.62,3.98,6.5,12,0.987,5.39,5.52,5.65,5.77,5.88,3.98,8,5.38,6.12
zone_substation|Deniliquin|Deniliquin|66/22,Deniliquin,Deniliquin,66/22,18/30,18/30,,30,30,,33,0.991,21.51,21.87,22.24,22.56,22.94,12.31,3.5,36,1,17.39,17.55,17.69,17.8,17.93,12.31,3.5,10.059999999999999,18.07
zone_substation|Deniliquin|Koraleigh|66/22,Deniliquin,Koraleigh,66/22,8/11,5,,11,5,,5.5,0.996,4.67,4.7,4.74,4.78,4.81,2.85,17.5,6,1,3.55,3.63,3.7,3.76,3.82,2.85,5.5,0.6900000000000004,2.18
zone_substation|Deniliquin|Moama|66/22,Deniliquin,Moama,66/22,24/30,24/30,,30,30,,33,0.999,14.68,14.82,14.95,15.07,15.17,9.13,8,36,0.994,11.28,11.43,11.56,11.67,11.76,9.13,3,17.83,24.240000000000002
zone_substation|Deniliquin|Moulamein|66/22,Deniliquin,Moulamein,66/22,8/11,5,,11,5,,5.5,0.999,1.54,1.58,1.61,1.65,1.7,1.04,5.5,6,0.951,2.29,2.38,2.47,2.55,2.63,1.04,6,3.8,3.37
zone_substation|Deniliquin|Murgha|66/22,Deniliquin,Murgha,66/22,1,,,1,,,0,0.932,0.43,0.41,0.39,0.38,0.37,0,4,0,0.907,0.4,0.38,0.37,0.36,0.35,0,4,-0.37,-0.35
zone_substation|Dubbo|Coonamble|66/22,Dubbo,Coonamble,66/22,10,10,,10,10,,11,0.996,6.52,6.65,6.8,6.94,7.08,3.74,2,12,0.96,5.32,5.4,5.47,5.54,5.61,3.74,14.5,3.92,6.39
zone_substation|Dubbo|Dubbo 132/66kV|132/66,Dubbo,Dubbo 132/66kV,132/66,30/45,30/45,30/45,45,45,45,99,0.999,62.77,62.66,62.98,63.03,63.03,0,3.5,108,1,54.46,54.9,55.24,55.65,56.01,0,6.5,35.97,51.99
zone_substation|Dubbo|Dubbo Phillip St|66/11,Dubbo,Dubbo Phillip St,66/11,20/30,20/30,,30,30,,33,0.971,21.21,21.15,21.15,21.11,21.07,6.63,1.5,36,0.988,21.18,21.43,21.65,21.81,22,6.63,3,11.93,14
zone_substation|Dubbo|Dubbo South|132/11,Dubbo,Dubbo South,132/11,24/30,24/30,,30,30,,33,0.992,23.01,23.5,23.91,24.25,24.6,16.22,0.5,36,1,17.05,17.17,17.25,17.33,17.4,16.22,4,8.399999999999999,18.6
zone_substation|Dubbo|Dubbo West|132/11,Dubbo,Dubbo West,132/11,15/23,15/23,,23,23,,25.3,0.983,17.48,17.63,17.81,17.96,18.06,12.51,1,27.6,1,13.52,13.58,13.64,13.7,13.75,12.51,5,7.240000000000002,13.850000000000001
zone_substation|Dubbo|Eulomogo|66/11,Dubbo,Eulomogo,66/11,15/30,20/30,,30,30,,33,0.993,21.14,21.41,21.63,21.84,22.08,16.95,0.5,36,1,17.24,17.31,17.38,17.45,17.5,16.95,9,10.920000000000002,18.5
zone_substation|Dubbo|Geurie|66/11,Dubbo,Geurie,66/11,5,,,5,,,0,0.977,1.57,1.57,1.57,1.56,1.56,1.19,2,0,0.996,1.12,1.12,1.12,1.12,1.12,1.19,7.5,-1.56,-1.12
zone_substation|Dubbo|Gilgandra|66/11,Dubbo,Gilgandra,66/11,8/12,8/12,,12,12,,13.2,0.994,7.55,7.59,7.62,7.66,7.69,4.77,1.5,14.4,1,6.07,6.07,6.07,6.07,6.07,4.77,1.5,5.509999999999999,8.33
zone_substation|Dubbo|Gulargambone|66/22,Dubbo,Gulargambone,66/22,3,,,3,,,0,0.95,1.7,1.72,1.73,1.75,1.77,1.02,2,0,0.95,1.54,1.55,1.56,1.57,1.58,1.02,2,-1.77,-1.58
zone_substation|Dubbo|Narromine|132/22,Dubbo,Narromine,132/22,17/24,24,,24,24,,26.4,0.996,14.02,14.22,14.41,14.6,14.74,7.9,2.5,28.8,0.999,13.35,13.37,13.39,13.43,13.45,7.9,21.5,11.659999999999998,15.350000000000001
"zone_substation|Dubbo|Nevertire|132/22, 66/22",Dubbo,Nevertire,"132/22, 66/22",17/24,10,,24,10,,11,0.997,7.24,7.36,7.49,7.59,7.7,3.54,0.5,12,0.997,6.95,6.91,6.86,6.84,6.8,3.54,4,3.3,5.2
zone_substation|Dubbo|Yarrandale|66/11,Dubbo,Yarrandale,66/11,18/25,20/30,,25,30,,27.5,0.983,8.78,8.97,9.16,9.31,9.48,2.39,6,30,0.957,7.71,7.86,8,8.13,8.26,2.39,12.5,18.02,21.740000000000002
zone_substation|Finley|Finley Town|66/22,Finley,Finley Town,66/22,24/30,24/30,,30,30,,33,0.998,13.6,13.62,13.61,13.58,13.59,10.4,2,36,1,10.06,10.14,10.2,10.26,10.31,10.4,6,19.41,25.689999999999998
zone_substation|Finley|Jerilderie|66/22,Finley,Jerilderie,66/22,8.8/10,8.8/10,,10,10,,11,0.998,3.93,3.96,3.99,4.02,4.03,2.21,5,12,1,3.63,3.69,3.75,3.8,3.85,2.21,3,6.97,8.15
zone_substation|Forbes|Condobolin|66/22,Forbes,Condobolin,66/22,16,8.8/10,,16,10,,11,0.999,8.52,8.71,8.87,9.02,9.16,4.79,5.5,12,0.996,7.42,7.5,7.57,7.63,7.7,4.79,11,1.8399999999999999,4.3
zone_substation|Forbes|Forbes Town|66/11,Forbes,Forbes Town,66/11,18/30,15/30,,30,30,,33,0.982,13.63,13.62,13.64,13.64,13.66,9.04,4.5,36,0.988,11.64,11.71,11.77,11.84,11.89,9.04,6.5,19.34,24.11
zone_substation|Forbes|Lake Cargelligo|66/22,Forbes,Lake Cargelligo,66/22,8,7,,8,7,,7.7,0.955,4.06,4.13,4.18,4.24,4.3,3.05,2.5,8.4,0.906,3.49,3.57,3.65,3.72,3.79,3.05,2.5,3.4000000000000004,4.61
zone_substation|Forbes|Paytens Bridge|66/11,Forbes,Paytens Bridge,66/11,5,5/6.25,,5,6.25,,5.5,0.911,5.31,5.33,5.34,5.35,5.36,1.3,2,6,0.912,3.87,3.91,3.95,3.99,4.01,1.3,1,0.13999999999999968,1.9900000000000002
zone_substation|Forbes|West Jemalong|66/11,Forbes,West Jemalong,66/11,3/4,3/4,,4,4,,4.4,0.99,1.99,2,2.02,2.03,2.05,0.51,3.5,4.8,0.998,1.39,1.44,1.48,1.53,1.57,0.51,6.5,2.3500000000000005,3.2299999999999995
zone_substation|Glen Innes|Emmaville 66/11kV|66/11,Glen Innes,Emmaville 66/11kV,66/11,3,,,3,,,0,0.952,0.71,0.71,0.71,0.71,0.71,1.19,1,0,0.949,1.15,1.16,1.17,1.18,1.19,1.19,1,-0.71,-1.19
zone_substation|Glen Innes|Emmaville 66/22kV|66/22,Glen Innes,Emmaville 66/22kV,66/22,2.5,,,2.5,,,0,0.74,0.14,0.14,0.14,0.14,0.14,0.13,0.5,0,0.782,0.16,0.16,0.16,0.16,0.16,0.13,3,-0.14,-0.16
zone_substation|Glen Innes|Glen Innes|66/11,Glen Innes,Glen Innes,66/11,15/20,15/20,,20,20,,22,1,5.81,5.83,5.83,5.84,5.85,7.19,2,24,1,9.52,9.58,9.62,9.68,9.72,7.19,5,16.15,14.28
zone_substation|Glen Innes|Guyra|66/11/22,Glen Innes,Guyra,66/11/22,5,5,,5,5,,5.5,1,3.49,3.51,3.54,3.55,3.58,3.22,1.5,6,1,5.47,5.51,5.54,5.57,5.59,3.22,1,1.92,0.41000000000000014
zone_substation|Glen Innes|Pindari|66/22,Glen Innes,Pindari,66/22,0.5,,,0.5,,,0,0.009,0,0,0,0,0,0.01,0,0,0.684,0,0,0,0,0,0.01,0,0,0
zone_substation|Goulburn|Brisbane Grove|33/22,Goulburn,Brisbane Grove,33/22,2.5,2.5,,2.5,2.5,,2.75,0.941,2.17,2.18,2.18,2.19,2.2,2.76,2,3,0.951,2.64,2.65,2.66,2.67,2.68,2.76,4,0.5499999999999998,0.31999999999999984
zone_substation|Goulburn|Clinton Street|66/11,Goulburn,Clinton Street,66/11,15/19,20/23/30,,19,30,,20.9,0.999,12.94,13.18,13.48,13.76,14,8.8,4,22.8,1,16.61,16.74,16.84,16.94,17.04,8.8,10.5,6.899999999999999,5.760000000000002
zone_substation|Goulburn|Crookwell|66/11,Goulburn,Crookwell,66/11,7.5/10,7.5/10,,10,10,,11,0.996,3.75,3.76,3.77,3.79,3.8,4.76,1.5,12,1,6.65,6.83,6.99,7.13,7.28,4.76,0.5,7.2,4.72
zone_substation|Goulburn|Goulburn 132/33kV|132/33,Goulburn,Goulburn 132/33kV,132/33,15/22.5/30,30/36,,30,36,,33,1,8.21,8.42,8.63,8.82,9.04,4.44,2,36,1,10.51,10.63,10.74,10.85,10.93,4.44,8,23.96,25.07
zone_substation|Goulburn|Goulburn 132/66kV|132/66,Goulburn,Goulburn 132/66kV,132/66,35/60,35/60,,60,60,,66,0.998,39.78,39.73,39.69,39.74,39.72,0,1.5,72,0.996,53,54.02,54.86,55.61,56.28,0,10.5,26.28,15.719999999999999
zone_substation|Goulburn|Goulburn North|66/11,Goulburn,Goulburn North,66/11,15,12.5/16,,15,16,,16.5,0.993,8.87,8.93,9,9.07,9.11,8.67,1.5,18,0.995,11.3,11.47,11.63,11.78,11.92,8.67,5,7.390000000000001,6.08
zone_substation|Goulburn|Marulan North|66/22,Goulburn,Marulan North,66/22,12.5/15,12.5/15,,15,15,,16.5,0.99,6.72,6.81,6.89,6.95,7.03,3.07,2,18,0.994,7.51,7.63,7.74,7.85,7.95,3.07,3,9.469999999999999,10.05
zone_substation|Goulburn|Marulan South|66/33,Goulburn,Marulan South,66/33,10/16,,,16,,,0,0.957,7.39,7.5,7.58,7.69,7.78,0,13,0,0.956,7.51,7.54,7.58,7.61,7.64,0,1,-7.78,-7.64
zone_substation|Goulburn|Woodlawn|66/11,Goulburn,Woodlawn,66/11,10/14,24/30,,14,30,,15.4,0.848,5.59,5.28,5.1,5.02,5.04,1.58,3.5,16.8,0.91,5.22,4.83,4.52,4.27,4.12,1.58,43.5,10.36,12.68
zone_substation|Grafton|Grafton North|66/11,Grafton,Grafton North,66/11,24/30,15/20/25,,30,25,,27.5,1,16.01,15.92,15.99,15.98,15.98,12.23,0.5,30,0.99,13.49,13.6,13.71,13.81,13.91,12.23,1.5,11.52,16.09
zone_substation|Grafton|Grafton South|66/11,Grafton,Grafton South,66/11,15/19/25,15/19/24.5,,25,24.5,,26.95,0.992,15.93,15.84,15.89,15.88,15.86,13.44,0.5,29.4,0.999,13.96,13.96,13.96,13.96,13.95,13.44,1,11.09,15.45
zone_substation|Grafton|Koolkhan 11kV|66/11,Grafton,Koolkhan 11kV,66/11,7.5/10,,,10,,,0,0.915,2.75,2.79,2.83,2.88,2.92,3.01,1,0,0.991,2.52,2.57,2.62,2.66,2.7,3.01,1,-2.92,-2.7
zone_substation|Grafton|Maclean 66/11kV|66/11,Grafton,Maclean 66/11kV,66/11,10/16,10/16,,16,16,,17.6,0.96,9.85,9.99,10.15,10.31,10.45,12.08,2,19.2,0.944,9.32,9.64,9.94,10.23,10.51,12.08,2,7.150000000000002,8.69
zone_substation|Grafton|Maclean 66/33kV|66/33,Grafton,Maclean 66/33kV,66/33,8/10,,,10,,,0,0.991,0.44,0.44,0.45,0.45,0.45,0,2,0,0.996,0.31,0.31,0.31,0.31,0.31,0,2,-0.45,-0.31
zone_substation|Grafton|Nymboida|66/11,Grafton,Nymboida,66/11,0.6,0.6,,0.6,0.6,,0.66,0.952,0.27,0.27,0.27,0.27,0.27,0.36,2,0.72,0.951,0.28,0.28,0.28,0.28,0.28,0.36,1,0.39,0.43999999999999995
zone_substation|Grafton|Redcliff|33/11,Grafton,Redcliff,33/11,0.5,0.5,,0.5,0.5,,0.55,0.991,0.44,0.44,0.45,0.45,0.46,0.27,2,0.6,0.996,0.31,0.31,0.31,0.31,0.31,0.27,2,0.09000000000000002,0.29
zone_substation|Grafton|Shannon Creek|66/11,Grafton,Shannon Creek,66/11,8,,,8,,,0,1,1.3,1.35,1.4,1.44,1.47,1.22,3,0,0.997,0.91,0.92,0.92,0.93,0.94,1.22,5,-1.47,-0.94
zone_substation|Grafton|Yamba|66/11,Grafton,Yamba,66/11,20/30,15/19/23,,30,23,,25.3,0.996,11.2,11.28,11.39,11.46,11.56,11.94,1,27.6,0.997,11.55,11.61,11.66,11.75,11.81,11.94,1,13.74,15.790000000000001
zone_substation|Griffith|Beelbangera|33/11,Griffith,Beelbangera,33/11,10/12.5,10/12.5,,12.5,12.5,,13.75,0.979,11.66,11.71,11.76,11.85,11.88,6.4,5.5,15,0.997,7.45,7.5,7.54,7.59,7.63,6.4,1,1.8699999999999992,7.37
zone_substation|Griffith|Griffith|33/11,Griffith,Griffith,33/11,40/50,40/50,,50,50,,55,0.999,26.84,26.83,26.84,26.86,26.83,10.41,0.5,60,0.995,21.1,21.26,21.41,21.53,21.64,10.41,2,28.17,38.36
zone_substation|Griffith|Hanwood|33/11,Griffith,Hanwood,33/11,15/17/25,15/17/25,,25,25,,27.5,0.995,14.55,14.65,14.71,14.79,14.87,1.94,11.5,30,0.999,12.25,12.33,12.41,12.49,12.56,1.94,15.5,12.63,17.439999999999998
zone_substation|Griffith|Nericon|33/11,Griffith,Nericon,33/11,5/8,,,8,,,0,0.983,1.87,1.9,1.92,1.94,1.96,0.54,6.5,0,0.989,1.1,1.08,1.05,1.03,1.02,0.54,2.5,-1.96,-1.02
zone_substation|Griffith|Tharbogang|33/11,Griffith,Tharbogang,33/11,15/20/25,15/20/25,,25,25,,27.5,0.997,14.41,14.42,14.49,14.52,14.56,6.53,1.5,30,1,9.94,10.03,10.11,10.19,10.25,6.53,7,12.94,19.75
zone_substation|Griffith|Warrawidgee|33/11,Griffith,Warrawidgee,33/11,2.5,3,,2.5,3,,2.75,0.929,1.25,1.24,1.24,1.24,1.23,0.23,12,3,0.889,1.16,1.2,1.22,1.25,1.27,0.23,1,1.52,1.73
zone_substation|Griffith|Widgelli|33/11,Griffith,Widgelli,33/11,1,,,1,,,0,0.915,0.65,0.66,0.68,0.7,0.71,0,3,0,0.912,0.37,0.38,0.38,0.38,0.38,0,2.5,-0.71,-0.38
zone_substation|Griffith|Willbriggie|33/11,Griffith,Willbriggie,33/11,5/8,,,8,,,0,0.968,2.65,2.66,2.68,2.69,2.7,0.33,2,0,0.982,1.54,1.52,1.52,1.5,1.49,0.33,15.5,-2.7,-1.49
zone_substation|Griffith|Yenda|33/11,Griffith,Yenda,33/11,7.5/9.5,7.5/9.5,,9.5,9.5,,10.45,1,6.38,6.42,6.44,6.48,6.5,1.79,2,11.4,0.993,5.27,5.35,5.45,5.53,5.61,1.79,7.5,3.9499999999999993,5.79
zone_substation|Gunnedah|Boggabri|66/11,Gunnedah,Boggabri,66/11,5/6.5,10,,6.5,10,,7.15,0.987,4.08,4.12,4.14,4.17,4.2,1.75,3,7.8,0.994,4.91,4.93,4.94,4.96,4.97,1.75,25.5,2.95,2.83
zone_substation|Gunnedah|Gunnedah 22kV|66/22/11,Gunnedah,Gunnedah 22kV,66/22/11,18/30,18/30,,30,30,,33,1,24.99,25.01,25.04,24.98,25.03,13.03,0,36,0.998,21.95,21.95,21.92,21.93,21.93,13.03,0,7.969999999999999,14.07
zone_substation|Gunnedah|Keepit Dam|66/11,Gunnedah,Keepit Dam,66/11,1,,,1,,,0,0.946,0.26,0.26,0.27,0.27,0.28,0.05,4,0,0.989,0.15,0.15,0.15,0.15,0.15,0.05,2,-0.28,-0.15
zone_substation|Harden - Murrumburrah|Boorowa|66/11,Harden - Murrumburrah,Boorowa,66/11,8,5,,8,5,,5.5,0.991,3.35,3.38,3.42,3.46,3.5,3.22,1.5,6,0.994,3.75,3.77,3.79,3.81,3.82,3.22,5,2.0,2.18
zone_substation|Harden - Murrumburrah|Cootamundra|66/11,Harden - Murrumburrah,Cootamundra,66/11,15/19,15/19,,19,19,,20.9,0.994,11.77,11.79,11.84,11.85,11.86,8,6,22.8,0.982,12.18,12.55,12.87,13.19,13.52,8,4.5,9.04,9.280000000000001
zone_substation|Harden - Murrumburrah|Jugiong|66/11,Harden - Murrumburrah,Jugiong,66/11,5.9/6.5,5.9/6.5,,6.5,6.5,,7.15,0.962,1.71,1.72,1.73,1.75,1.76,0.41,12,7.8,0.978,1.34,1.34,1.34,1.34,1.34,0.41,3.5,5.390000000000001,6.46
zone_substation|Harden - Murrumburrah|Murrumburrah|66/11,Harden - Murrumburrah,Murrumburrah,66/11,8/10,8/10,,10,10,,11,0.988,4.58,4.64,4.71,4.78,4.85,3.99,4,12,0.999,4.77,4.79,4.8,4.82,4.84,3.99,6.5,6.15,7.16
zone_substation|Harden - Murrumburrah|Young|66/11,Harden - Murrumburrah,Young,66/11,24/30,18/30,,30,30,,33,1,17.38,17.45,17.47,17.5,17.55,11.03,4.5,36,0.998,17.57,17.76,17.93,18.08,18.24,11.03,10.5,15.45,17.76
zone_substation|Hawks Nest|Hawks Nest 132/33kV|132/33,Hawks Nest,Hawks Nest 132/33kV,132/33,50,,,50,,,0,1,8.45,8.47,8.46,8.46,8.45,0,1,0,0.969,8.73,8.81,8.87,8.92,8.96,0,2,-8.45,-8.96
zone_substation|Hawks Nest|Tea Gardens|33/11,Hawks Nest,Tea Gardens,33/11,10/16,10/16,,16,16,,17.6,0.998,8.54,8.56,8.54,8.58,8.57,7.75,1,19.2,1,8.15,8.14,8.14,8.15,8.15,7.75,2,9.030000000000001,11.049999999999999
zone_substation|Herons Creek|Herons Creek|132/66,Herons Creek,Herons Creek,132/66,60,,,60,,,0,0.994,13,13.13,13.23,13.38,13.45,0,0.5,0,1,11.69,11.71,11.74,11.78,11.82,0,1,-13.45,-11.82
zone_substation|Herons Creek|Johns River|66/11,Herons Creek,Johns River,66/11,3,,,3,,,0,0.985,0.91,0.9,0.89,0.88,0.87,1.06,0.5,0,0.973,0.97,0.98,0.98,0.99,0.99,1.06,2.5,-0.87,-0.99
zone_substation|Herons Creek|Kew|66/11,Herons Creek,Kew,66/11,3/4,8,,4,8,,4.4,1,3.45,3.48,3.52,3.56,3.59,4.15,1.5,4.8,1,3.84,3.89,3.92,3.97,4,4.15,2,0.8100000000000005,0.7999999999999998
"zone_substation|Herons Creek|Laurieton|33/11, 66/11",Herons Creek,Laurieton,"33/11, 66/11",15/20,15/20,,20,20,,22,0.999,6.75,6.7,6.64,6.6,6.55,8.69,1,24,1,7.54,7.47,7.41,7.35,7.29,8.69,8,15.45,16.71
zone_substation|Inverell|Ashford|66/22,Inverell,Ashford,66/22,3,,,3,,,0,0.958,0.7,0.69,0.69,0.68,0.67,0.86,1,0,0.95,0.61,0.61,0.61,0.61,0.61,0.86,10,-0.67,-0.61
zone_substation|Inverell|Bingara|66/22,Inverell,Bingara,66/22,3,7.5,,3,7.5,,3.3,0.967,2.5,2.53,2.57,2.6,2.64,2.15,2,3.6,0.94,2.45,2.46,2.46,2.47,2.48,2.15,4.5,0.6599999999999997,1.12
zone_substation|Inverell|Borthwick St|66/22,Inverell,Borthwick St,66/22,20/30,15/30,,30,30,,33,1,20.47,20.42,20.42,20.38,20.46,15.31,2.5,36,1,23.16,23.38,23.6,23.73,23.91,15.31,2.5,12.54,12.09
zone_substation|Inverell|Bundarra|66/22,Inverell,Bundarra,66/22,3,,,3,,,0,0.777,1.04,1.04,1.04,1.04,1.04,0.82,3,0,0.792,1.15,1.15,1.16,1.17,1.17,0.82,9,-1.04,-1.17
zone_substation|Inverell|Copeton|66/22,Inverell,Copeton,66/22,3,1.5,,3,1.5,,1.65,1,0.84,0.84,0.84,0.84,0.85,0,9,1.8,0.997,0.94,0.97,0.99,1.02,1.05,0,0.5,0.7999999999999999,0.75
zone_substation|Inverell|Texas 66/22kV|66/22,Inverell,Texas 66/22kV,66/22,5,5,,5,5,,5.5,0.976,3.39,3.43,3.45,3.49,3.51,1.42,6.5,6,1,2.33,2.35,2.36,2.38,2.39,1.42,7,1.9900000000000002,3.61
zone_substation|Inverell|Texas 66/33kV|66/33,Inverell,Texas 66/33kV,66/33,7.5,5,,7.5,5,,5.5,0.978,2.37,2.42,2.46,2.5,2.54,0.59,0.5,6,0.994,1.83,1.86,1.89,1.92,1.95,0.59,0.5,2.96,4.05
zone_substation|Inverell|Wallangra|66/22,Inverell,Wallangra,66/22,1,,,1,,,0,0.909,0.19,0.19,0.19,0.19,0.19,0.12,3,0,0.843,0.22,0.22,0.23,0.23,0.23,0.12,0.5,-0.19,-0.23
zone_substation|Inverell|Warialda|66/22,Inverell,Warialda,66/22,4,8,,4,8,,4.4,0.996,2.8,2.79,2.77,2.76,2.75,2.46,6,4.8,0.985,3.06,3.09,3.11,3.13,3.16,2.46,0.5,1.6500000000000004,1.6399999999999997
zone_substation|Inverell|Yallaroi|66/22,Inverell,Yallaroi,66/22,3/4,,,4,,,0,0.95,2.19,2.21,2.22,2.23,2.25,0.95,6,0,0.95,1.87,1.89,1.91,1.93,1.94,0.95,4,-2.25,-1.94
zone_substation|Kempsey|Crescent Head|33/11,Kempsey,Crescent Head,33/11,3/4,5,,4,5,,4.4,0.995,1.61,1.62,1.62,1.62,1.63,1.72,5,4.8,0.997,1.88,1.89,1.9,1.91,1.92,1.72,1.5,2.7700000000000005,2.88
zone_substation|Kempsey|Munga|33/11,Kempsey,Munga,33/11,2.5/3.25,3,,3.25,3,,3.3,0.995,1.57,1.57,1.57,1.57,1.57,1.53,2.5,3.6,0.997,1.32,1.33,1.34,1.35,1.36,1.53,0.5,1.7299999999999998,2.24
zone_substation|Kempsey|North St|33/11,Kempsey,North St,33/11,16,,,16,,,0,0.992,10.71,10.79,10.89,10.94,11.02,7.92,2.5,0,0.998,10.01,10.03,10.06,10.08,10.1,7.92,4.5,-11.02,-10.1
zone_substation|Kempsey|Prince St|33/11,Kempsey,Prince St,33/11,10/15,10/15,,15,15,,16.5,0.984,8.13,8.18,8.23,8.3,8.33,6.83,2,18,0.999,8.32,8.41,8.49,8.56,8.64,6.83,1,8.17,9.36
zone_substation|Kempsey|Smithtown|33/11,Kempsey,Smithtown,33/11,5/6.5,5,,6.5,5,,5.5,0.98,4.15,4.16,4.17,4.17,4.18,2.85,2.5,6,0.989,4.22,4.25,4.26,4.28,4.29,2.85,4,1.3200000000000003,1.71
zone_substation|Kempsey|South West Rocks|33/11,Kempsey,South West Rocks,33/11,10/12.5,16,,12.5,16,,13.75,0.981,7.1,7.16,7.22,7.26,7.32,7.51,3.5,15,0.971,7.36,7.4,7.44,7.47,7.5,7.51,4.5,6.43,7.5
zone_substation|Lismore|Alstonville|66/11,Lismore,Alstonville,66/11,20,16/20,,20,20,,22,0.999,11.62,11.79,11.9,12.02,12.17,16.75,1.5,24,1,11.63,11.62,11.62,11.63,11.62,16.75,5,9.83,12.38
zone_substation|Lismore|Ballina 132kV|132/66,Lismore,Ballina 132kV,132/66,35/45/60,,,60,,,0,0.947,20.18,20.54,20.76,21.06,21.3,0,0.5,0,0.995,20.71,20.88,21.05,21.19,21.35,0,5,-21.3,-21.35
zone_substation|Lismore|Ballina|66/11,Lismore,Ballina,66/11,24/30,24/30,,30,30,,33,0.982,27.47,27.82,27.97,28.27,28.55,30.45,1.5,36,0.998,25.27,25.24,25.2,25.18,25.14,30.45,4,4.449999999999999,10.86
zone_substation|Lismore|Dunoon|132/11,Lismore,Dunoon,132/11,10,10,,10,10,,11,0.991,6.03,6.03,6.03,6.04,6.01,8.61,2,12,0.994,6.52,6.53,6.55,6.56,6.57,8.61,4,4.99,5.43
zone_substation|Lismore|Ewingsdale|132/11,Lismore,Ewingsdale,132/11,30/45,30/45,,45,45,,49.5,0.999,18.81,19.06,19.27,19.5,19.67,19.09,1,54,0.999,18.4,18.48,18.56,18.63,18.73,19.09,8,29.83,35.269999999999996
zone_substation|Lismore|Kyogle|66/11,Lismore,Kyogle,66/11,8/10,8/10,,10,10,,11,0.991,7.45,7.36,7.27,7.18,7.13,7.6,3,12,1,6.81,6.84,6.88,6.9,6.93,7.6,7.5,3.87,5.07
zone_substation|Lismore|Lennox Head|132/11,Lismore,Lennox Head,132/11,16,16,,16,16,,17.6,0.993,5.95,6,6.05,6.09,6.14,8.71,1.5,19.2,0.988,6.67,6.69,6.69,6.69,6.71,8.71,3,11.46,12.489999999999998
zone_substation|Lismore|Lismore 132/66kV|132/66,Lismore,Lismore 132/66kV,132/66,80/120,80/120,80/120,120,120,120,264,0.983,93.63,94.55,95.2,95.75,96.4,0,1,288,1,91.86,92.35,92.83,93.28,93.55,0,1,167.6,194.45
zone_substation|Lismore|Lismore East|66/11,Lismore,Lismore East,66/11,15/19/23,15/20/25,,23,25,,25.3,0.998,13.47,13.4,13.38,13.35,13.31,17.07,1.5,27.6,1,12.39,12.55,12.67,12.79,12.91,17.07,5.5,11.99,14.690000000000001
zone_substation|Lismore|Lismore South|66/11,Lismore,Lismore South,66/11,15/19/25,15/19/23,20/25,25,23,25,52.8,0.963,7.47,7.56,7.54,7.61,7.68,7.88,4.5,57.6,0.998,6.89,6.89,6.88,6.88,6.88,7.88,7.5,45.12,50.72
zone_substation|Lismore|Lismore Uni|66/11,Lismore,Lismore Uni,66/11,20/30,20/30,,30,30,,33,0.997,22.08,22.34,22.63,22.85,23.04,16.2,4,36,1,19.18,19.53,19.87,20.17,20.45,16.2,12.5,9.96,15.55
zone_substation|Lismore|Mullumbimby|132/11,Lismore,Mullumbimby,132/11,16,10,,16,10,,11,0.998,7.98,7.99,8,8.02,8.05,12.34,2.5,12,0.999,11.58,11.82,12.02,12.2,12.35,12.34,2.5,2.9499999999999993,-0.34999999999999964
zone_substation|Lismore|Suffolk Park|132/11,Lismore,Suffolk Park,132/11,30,,,30,,,0,1,11.17,11.41,11.65,11.91,12.16,13.8,2,0,0.999,12.14,12.1,12.06,12.06,12.01,13.8,8,-12.16,-12.01
zone_substation|Lismore|Woodburn|66/11,Lismore,Woodburn,66/11,8/10,8/10,,10,10,,11,0.999,7.23,7.28,7.34,7.37,7.4,8.14,2,12,0.999,7.11,7.18,7.24,7.3,7.34,8.14,4,3.5999999999999996,4.66
zone_substation|Molong|Cumnock|66/11,Molong,Cumnock,66/11,2.5,2.5,,2.5,2.5,,2.75,1,1.45,1.44,1.45,1.45,1.46,1.43,2.5,3,0.966,1.58,1.59,1.61,1.63,1.65,1.43,3,1.29,1.35
zone_substation|Molong|Manildra|132/11,Molong,Manildra,132/11,18/24,18/24,,24,24,,26.4,0.958,13.2,13.23,13.25,13.27,13.29,2.21,33,28.8,0.963,13.13,13.26,13.36,13.49,13.59,2.21,46,13.11,15.21
zone_substation|Molong|Molong 11kV|66/11,Molong,Molong 11kV,66/11,5/7.5,3/4,,7.5,4,,4.4,0.988,3.46,3.47,3.47,3.48,3.49,2.95,1,4.8,0.991,3.44,3.44,3.44,3.44,3.44,2.95,10.5,0.9100000000000001,1.3599999999999999
zone_substation|Moree|Ashley|66/22,Moree,Ashley,66/22,8,,,8,,,0,0.991,1.38,1.42,1.46,1.49,1.53,0.56,2.5,0,1,3.59,3.63,3.66,3.68,3.71,0.56,350.5,-1.53,-3.71
zone_substation|Moree|Bellata|66/11,Moree,Bellata,66/11,2.8,2.5,,2.8,2.5,,2.75,0.918,1.16,1.18,1.19,1.21,1.22,0.54,6,3,0.977,1.05,1.07,1.09,1.1,1.11,0.54,1.5,1.53,1.89
zone_substation|Moree|Moree|66/22,Moree,Moree,66/22,15/30,24/30,,30,30,,33,0.998,22.07,23.85,27.89,31.55,34.74,14.47,3.5,36,0.998,22.52,24.44,28.61,32.4,35.73,14.47,25.5,-1.740000000000002,0.2700000000000031
zone_substation|Moree|Mungindi|66/22/33,Moree,Mungindi,66/22/33,8,,,8,,,0,0.95,2.92,2.92,2.91,2.91,2.91,1.33,1,0,0.95,5.39,5.4,5.4,5.39,5.39,1.33,18.5,-2.91,-5.39
zone_substation|Moree|Wathagar|66/22,Moree,Wathagar,66/22,5,,,5,,,0,0.996,1.36,1.37,1.39,1.42,1.45,0.24,2.5,0,0.985,3.69,3.67,3.65,3.65,3.64,0.24,13,-1.45,-3.64
zone_substation|Moree|Wenna|66/22,Moree,Wenna,66/22,7.5,,,7.5,,,0,0.992,2.86,2.89,2.89,2.93,2.94,0.05,2.5,0,0.853,2.98,3.09,3.19,3.29,3.39,0.05,14,-2.94,-3.39
zone_substation|Moruya North|Batemans Bay|132/11,Moruya North,Batemans Bay,132/11,30/45,30/45,,45,45,,49.5,1,17.46,17.91,18.43,18.83,19.3,14.46,0.5,54,0.999,20.34,20.39,20.42,20.47,20.52,14.46,3.5,30.2,33.480000000000004
zone_substation|Moruya North|Bodalla|33/11,Moruya North,Bodalla,33/11,3/4,3,,4,3,,3.3,0.98,1.14,1.14,1.15,1.16,1.17,1.37,3.5,3.6,0.999,1.35,1.35,1.35,1.35,1.35,1.37,7,2.13,2.25
zone_substation|Moruya North|Moruya North|132/33,Moruya North,Moruya North,132/33,40,30/45,,40,45,,44,0.999,23.44,23.86,24.24,24.56,24.86,0,2.5,48,1,29.04,29.03,29.07,29.05,29.06,0,2,19.14,18.94
zone_substation|Moruya North|Moruya Town|33/11,Moruya North,Moruya Town,33/11,10/16,10/16,,16,16,,17.6,0.998,5.63,5.57,5.52,5.48,5.43,6.78,5,19.2,1,7.44,7.46,7.49,7.51,7.54,6.78,6.5,12.170000000000002,11.66
zone_substation|Moruya North|Mossy Point|33/11,Moruya North,Mossy Point,33/11,10/12.5,12.5,,12.5,12.5,,13.75,0.999,6.2,6.2,6.19,6.18,6.18,8.36,2.5,15,0.998,8.81,8.83,8.85,8.87,8.89,8.36,3,7.57,6.109999999999999
zone_substation|Moruya North|Narooma|33/11,Moruya North,Narooma,33/11,10/16,10/12.5,,16,12.5,,13.75,1,5.76,5.81,5.85,5.9,5.95,5.55,1,15,1,7.61,7.6,7.6,7.61,7.61,5.55,7.5,7.8,7.39
zone_substation|Moruya North|Tuross|33/11,Moruya North,Tuross,33/11,5/8,,,8,,,0,0.981,2.24,2.24,2.23,2.23,2.22,2.82,3.5,0,0.982,3.46,3.48,3.51,3.53,3.56,2.82,1.5,-2.22,-3.56
zone_substation|Morven|Culcairn|66/11,Morven,Culcairn,66/11,5/7,8,,7,8,,7.7,0.989,3.58,3.55,3.53,3.5,3.47,3.85,3.5,8.4,0.995,4.41,4.45,4.49,4.52,4.55,3.85,2,4.23,3.8500000000000005
zone_substation|Morven|Holbrook|66/22,Morven,Holbrook,66/22,5/7,5/7,,7,7,,7.7,1,3.3,3.32,3.33,3.34,3.35,3.16,4,8.4,0.992,3.36,3.37,3.38,3.38,3.39,3.16,10,4.35,5.01
zone_substation|Morven|Morven|132/66,Morven,Morven,132/66,30,,,30,,,0,0.999,7.46,7.59,7.69,7.81,7.92,0,5,0,1,7.28,7.33,7.37,7.4,7.44,0,1.5,-7.92,-7.44
zone_substation|Munyang|Blue Cow|33/11,Munyang,Blue Cow,33/11,5/8,,,8,,,0,0.881,0.2,0.21,0.21,0.22,0.22,0,0.5,0,0.938,2.88,2.84,2.8,2.78,2.76,0,17.5,-0.22,-2.76
zone_substation|Munyang|Bullocks Flat|33/11,Munyang,Bullocks Flat,33/11,5/6.25,,,6.25,,,0,1,0.37,0.37,0.38,0.38,0.38,0.19,2.5,0,1,1.21,1.22,1.23,1.24,1.25,0.19,5.5,-0.38,-1.25
zone_substation|Munyang|Bullocks Portal|33/11,Munyang,Bullocks Portal,33/11,5/6.25,,,6.25,,,0,1,0.11,0.11,0.11,0.11,0.11,0,1.5,0,0.981,1.44,1.47,1.51,1.54,1.57,0,1,-0.11,-1.57
zone_substation|Munyang|Perisher|33/11,Munyang,Perisher,33/11,8/10,8/10,,10,10,,11,0.95,1,1,1,1,1,0.14,1,12,0.95,9.53,9.62,9.68,9.74,9.8,0.14,4,10,2.1999999999999993
zone_substation|Munyang|Snowy Adit 11kV|132/66/11,Munyang,Snowy Adit 11kV,132/66/11,10,,,10,,,0,0.98,0.43,0.47,0.5,0.53,0.56,0,2,0,0.994,0.47,0.5,0.53,0.56,0.59,0,1,-0.56,-0.59
zone_substation|Munyang|Snowy Adit 66kV|132/66/11,Munyang,Snowy Adit 66kV,132/66/11,30,,,30,,,0,0.992,2.59,2.61,2.62,2.63,2.63,0,3.5,0,1,8.12,8.19,8.24,8.3,8.35,0,4.5,-2.63,-8.35
zone_substation|Munyang|Thredbo|33/11,Munyang,Thredbo,33/11,10/16,10/16,,16,16,,17.6,0.991,2,2.01,2.02,2.04,2.04,0.03,1.5,19.2,0.961,14.27,14.38,14.45,14.49,14.55,0.03,16,15.560000000000002,4.649999999999999
zone_substation|Nambucca Heads|Macksville|132/11,Nambucca Heads,Macksville,132/11,24/30,24/30,,30,30,,33,1,9.32,9.37,9.44,9.44,9.5,10.9,2,36,1,9.98,10.05,10.08,10.15,10.17,10.9,3,23.5,25.83
zone_substation|Nambucca Heads|Nambucca Heads|66/11,Nambucca Heads,Nambucca Heads,66/11,15/19/23,17/22/24.5,,23,24.5,,25.3,0.997,7.69,7.73,7.76,7.8,7.83,8.37,2.5,27.6,0.988,9.14,9.17,9.2,9.23,9.25,8.37,6.5,17.47,18.35
zone_substation|Nambucca Heads|Raleigh|132/11,Nambucca Heads,Raleigh,132/11,30,30,,30,30,,33,0.995,10.78,10.77,10.74,10.72,10.72,12.16,3.5,36,0.997,11.35,11.39,11.44,11.47,11.51,12.16,4,22.28,24.490000000000002
zone_substation|Narrabri|Brewarrina|66/22,Narrabri,Brewarrina,66/22,6.5/8,,,8,,,0,0.968,2.78,2.78,2.78,2.78,2.78,1.33,10.5,0,0.909,2.34,2.36,2.37,2.38,2.39,1.33,8,-2.78,-2.39
zone_substation|Narrabri|Burren Junction|66/22,Narrabri,Burren Junction,66/22,5,5,,5,5,,5.5,0.992,2.11,2.12,2.12,2.12,2.12,0.69,8,6,0.954,1.72,1.74,1.75,1.77,1.78,0.69,21,3.38,4.22
zone_substation|Narrabri|Lightning Ridge|66/22,Narrabri,Lightning Ridge,66/22,6.5/8,5,,8,5,,5.5,1,3.15,3.16,3.17,3.17,3.18,2.57,5.5,6,0.998,3.19,3.23,3.27,3.3,3.34,2.57,1,2.32,2.66
zone_substation|Narrabri|Merrywinebone|66/22,Narrabri,Merrywinebone,66/22,5,,,5,,,0,0.861,1.58,1.6,1.61,1.62,1.63,0.74,2,0,0.999,2.9,2.89,2.89,2.88,2.88,0.74,21,-1.63,-2.88
zone_substation|Narrabri|Narrabri|66/22/11,Narrabri,Narrabri,66/22/11,18/30,18/30,,30,30,,33,0.993,17.39,17.56,17.73,17.85,17.95,10.15,2,36,0.996,17.61,17.85,18.07,18.28,18.48,10.15,9.5,15.05,17.52
zone_substation|Narrabri|Walgett|66/22,Narrabri,Walgett,66/22,10/16,10,,16,10,,11,0.983,5.37,5.4,5.44,5.48,5.51,3.32,6.5,12,0.956,4.95,5.01,5.05,5.11,5.16,3.32,4.5,5.49,6.84
zone_substation|Narrabri|Wee Waa|66/22,Narrabri,Wee Waa,66/22,8.8/10,16,,10,16,,11,0.969,8.08,8.06,8.03,8.01,7.99,2.89,3,12,0.969,9.99,10.12,10.26,10.39,10.49,2.89,6,3.01,1.5099999999999998
zone_substation|Nyngan|Bourke 22kV|66/22,Nyngan,Bourke 22kV,66/22,8.8/10,8.8/10,,10,10,,11,0.985,6.46,6.56,6.63,6.71,6.78,2.46,4,12,0.933,6.49,6.63,6.78,6.92,7.04,2.46,5,4.22,4.96
zone_substation|Nyngan|Bourke 33kV|66/33,Nyngan,Bourke 33kV,66/33,5/8,,,8,,,0,0.84,3.54,3.6,3.65,3.7,3.74,0.83,6.5,0,0.722,2.94,2.99,3.05,3.09,3.14,0.83,2,-3.74,-3.14
zone_substation|Nyngan|Byrock|66/22,Nyngan,Byrock,66/22,1,1,,1,1,,1.1,0.992,0.1,0.11,0.11,0.11,0.11,0.05,0.5,1.2,0.923,0.08,0.08,0.08,0.08,0.08,0.05,1,0.9900000000000001,1.1199999999999999
zone_substation|Nyngan|Cobar CSA|132/11,Nyngan,Cobar CSA,132/11,15/18,30/45,,18,45,,19.8,0.932,24.57,25.04,25.51,25.9,26.31,0,2.5,21.6,0.981,19.56,19.71,19.8,19.93,20.04,0,32.5,-6.509999999999998,1.5600000000000023
zone_substation|Nyngan|Cobar Elura|132/11,Nyngan,Cobar Elura,132/11,15,15,,15,15,,16.5,0.776,4.36,4.65,4.78,4.87,5.01,0,56.5,18,0.628,4.45,4.47,4.46,4.47,4.44,0,17.5,11.49,13.559999999999999
zone_substation|Nyngan|Cobar Peak|132/11,Nyngan,Cobar Peak,132/11,15/20,15/20,,20,20,,22,0.912,14.06,14.34,14.56,14.79,14.99,0,143.5,24,0.877,20.81,21.33,21.82,22.28,22.69,0,72.5,7.01,1.3099999999999987
zone_substation|Nyngan|Cobar Town|66/22,Nyngan,Cobar Town,66/22,8/11,10,,11,10,,11,0.952,6.62,6.69,6.77,6.86,6.93,4.94,6,12,0.95,5.86,5.88,5.9,5.91,5.93,4.94,2.5,4.07,6.07
zone_substation|Nyngan|Girilambone|66/11,Nyngan,Girilambone,66/11,10/12.5,,,12.5,,,0,0.869,1.64,1.64,1.63,1.62,1.61,0,9.5,0,0.876,0.59,0.59,0.59,0.59,0.59,0,1.5,-1.61,-0.59
zone_substation|Nyngan|Nyngan 132kV|132/66,Nyngan,Nyngan 132kV,132/66,18/30,30/45,,30,45,,33,0.999,34.72,35.12,35.53,35.98,36.31,0,11,36,0.99,31.96,32.21,32.49,32.75,32.95,0,29,-3.3100000000000023,3.049999999999997
zone_substation|Nyngan|Nyngan Town|66/22,Nyngan,Nyngan Town,66/22,10,10,,10,10,,11,1,5.48,5.48,5.48,5.47,5.49,2.75,5,12,0.991,4.67,4.69,4.71,4.73,4.75,2.75,4,5.51,7.25
zone_substation|Oberon|Burraga|33/11,Oberon,Burraga,33/11,2.5,,,2.5,,,0,0.882,0.36,0.35,0.34,0.34,0.34,0,0.5,0,0.858,0.46,0.46,0.45,0.45,0.45,0,1.5,-0.34,-0.45
zone_substation|Oberon|Oberon 132kV|132/11,Oberon,Oberon 132kV,132/11,25/36/45,25/36/45,,45,45,,49.5,0.97,32.61,33.03,33.52,34.02,34.54,0,3.5,54,0.993,31.72,32.26,32.76,33.24,33.68,0,48,14.96,20.32
zone_substation|Oberon|Oberon Town|66/11,Oberon,Oberon Town,66/11,10/15,10/15,,15,15,,16.5,0.957,3.53,3.57,3.54,3.59,3.62,4.04,1,18,1,5.78,5.76,5.75,5.74,5.72,4.04,8,12.879999999999999,12.280000000000001
zone_substation|Orange|Orange Industrial|66/11,Orange,Orange Industrial,66/11,15,10,,15,10,,11,1,9.21,9.14,9.1,9.05,9.02,11.74,3,12,1,12.56,12.68,12.8,12.89,13.01,11.74,12,1.9800000000000004,-1.0099999999999998
zone_substation|Orange|Orange North|66/11,Orange,Orange North,66/11,20/30,20/30,,30,30,,33,0.929,12.27,12.17,12.06,11.97,11.88,7.81,0.5,36,0.94,17.63,17.69,17.74,17.78,17.81,7.81,5,21.119999999999997,18.19
zone_substation|Orange|Orange South|66/11,Orange,Orange South,66/11,20/30,20/30,,30,30,,33,0.997,16.43,16.32,16.28,16.2,16.13,13.59,2.5,36,0.998,23.54,23.66,23.75,23.85,23.94,13.59,24.5,16.87,12.059999999999999
zone_substation|Orange|Orange West|66/11,Orange,Orange West,66/11,30,30,,30,30,,33,1,11.19,11.2,11.19,11.2,11.2,12.38,3,36,1,15.03,15.04,15.04,15.05,15.04,12.38,14,21.8,20.96
zone_substation|Parkes|Parkes Town|66/11,Parkes,Parkes Town,66/11,30,20/30,,30,30,,33,0.993,19.33,19.41,19.48,19.51,19.6,12.68,1.5,36,0.999,16.52,16.87,17.19,17.51,17.81,12.68,13.5,13.399999999999999,18.19
zone_substation|Parkes|Peak Hill|66/11,Parkes,Peak Hill,66/11,8,5,5,8,5,5,11,0.994,2.82,2.88,2.94,2.99,3.04,1.73,4,12,0.975,2.66,2.71,2.76,2.82,2.86,1.73,0.5,7.96,9.14
zone_substation|Parkes|Trundle|66/22,Parkes,Trundle,66/22,8,5,,8,5,,5.5,0.991,3.13,3.22,3.31,3.4,3.48,2.37,3.5,6,0.988,2.77,2.82,2.86,2.9,2.95,2.37,1.5,2.02,3.05
zone_substation|Port Macquarie|Boronia St|33/11,Port Macquarie,Boronia St,33/11,20/30,20/30,,30,30,,33,0.999,19.07,19.15,19.24,19.27,19.31,14.5,1.5,36,0.994,20.02,20.01,20.02,20.04,20.05,14.5,1.5,13.690000000000001,15.95
zone_substation|Port Macquarie|Byabarra|33/11,Port Macquarie,Byabarra,33/11,2.5/3.25,3,,3.25,3,,3.3,0.994,1.37,1.37,1.38,1.38,1.38,1.36,8,3.6,0.997,1.24,1.24,1.24,1.25,1.25,1.36,2,1.92,2.35
zone_substation|Port Macquarie|Clearwater Cr|33/11,Port Macquarie,Clearwater Cr,33/11,20/30,20/30,,30,30,,33,0.999,19.54,19.75,19.97,20.16,20.35,27.37,1.5,36,0.998,21.6,21.75,21.82,21.96,22.04,27.37,0.5,12.649999999999999,13.96
zone_substation|Port Macquarie|Koree Island|33/11,Port Macquarie,Koree Island,33/11,5/8,3.5,,8,3.5,,3.85,1,2.6,2.65,2.69,2.73,2.77,3,1,4.2,1,2.16,2.2,2.24,2.27,2.3,3,1,1.08,1.9000000000000004
zone_substation|Port Macquarie|Lake Cathie|33/11,Port Macquarie,Lake Cathie,33/11,8,10/16,,8,16,,8.8,0.986,6.13,6.37,6.53,6.69,6.83,9.33,2,9.6,0.997,7.04,7.11,7.17,7.23,7.29,9.33,1,1.9700000000000006,2.3099999999999996
zone_substation|Port Macquarie|Owen St|33/11,Port Macquarie,Owen St,33/11,30,15/20,,30,20,,22,0.986,13.1,13.11,13.08,13.1,13.11,7.27,2,24,0.999,15.98,16.01,16.04,16.07,16.09,7.27,1.5,8.89,7.91
zone_substation|Port Macquarie|Rocks Ferry|33/11,Port Macquarie,Rocks Ferry,33/11,10/16,10/15,,16,15,,16.5,0.996,12.98,13.19,13.33,13.47,13.59,13.01,1,18,1,11.26,11.35,11.44,11.52,11.6,13.01,1.5,2.91,6.4
zone_substation|Port Macquarie|Telegraph Point|33/11,Port Macquarie,Telegraph Point,33/11,3/4,3/4,,4,4,,4.4,0.999,1.8,1.81,1.81,1.83,1.83,2.21,1,4.8,0.999,2.12,2.15,2.18,2.21,2.24,2.21,7.5,2.5700000000000003,2.5599999999999996
zone_substation|Queanbeyan|Bungendore|66/11,Queanbeyan,Bungendore,66/11,7.5/10,7.5/10,,10,10,,11,0.998,7.67,7.79,7.9,8.02,8.14,9.87,1.5,12,0.998,10.35,10.45,10.54,10.62,10.7,9.87,8.5,2.8599999999999994,1.3000000000000007
zone_substation|Queanbeyan|Captains Flat|66/22,Queanbeyan,Captains Flat,66/22,8/11,5,,11,5,,5.5,0.971,4.7,4.87,5.01,5.13,5.26,3.77,2,6,0.982,8.06,8.31,8.55,8.76,8.96,3.77,6.5,0.2400000000000002,-2.960000000000001
zone_substation|Queanbeyan|Googong Dam|66/11,Queanbeyan,Googong Dam,66/11,8/10,7.5/10,,10,10,,11,0.999,0.9,0.91,0.91,0.92,0.92,0,0.5,12,0.975,1.59,1.61,1.63,1.65,1.67,0,6,10.08,10.33
zone_substation|Queanbeyan|Googong Town|132/11,Queanbeyan,Googong Town,132/11,30,30,,30,30,,33,0.998,9.84,10.09,10.3,10.49,10.66,14.31,2.5,36,0.998,14.2,14.49,14.78,15.04,15.26,14.31,5,22.34,20.740000000000002
zone_substation|Queanbeyan|Oaks Estate|66/11,Queanbeyan,Oaks Estate,66/11,20/30,20/30,,30,30,,33,0.992,10.64,10.53,10.43,10.34,10.25,9.49,2,36,0.998,19.09,19.36,19.57,19.74,19.89,9.49,4,22.75,16.11
zone_substation|Queanbeyan|Queanbeyan South|66/11,Queanbeyan,Queanbeyan South,66/11,20/25/30,20/25/30,,30,30,,33,0.999,21.03,21.04,21.03,21.08,21,19.97,1.5,36,0.998,28.66,28.91,29.09,29.28,29.46,19.97,6.5,12,6.539999999999999
zone_substation|Queanbeyan|South Jerrabomberra|132/11,Queanbeyan,South Jerrabomberra,132/11,30/40/50,30/40/50,,50,50,,55,0.998,4.05,9.45,14.85,20.25,25.65,0,0,60,0.998,4.05,9.45,14.85,20.25,25.65,0,0,29.35,34.35
zone_substation|Queanbeyan|Sutton|66/11,Queanbeyan,Sutton,66/11,8,6.5/8,,8,8,,8.8,1,3.59,3.59,3.58,3.58,3.59,5.21,1,9.6,1,5.04,5.07,5.12,5.15,5.18,5.21,11,5.210000000000001,4.42
zone_substation|Steeple Flat|Bombala|66/22,Steeple Flat,Bombala,66/22,10/16,10/13,,16,13,,14.3,0.997,4.09,4.11,4.11,4.12,4.13,1.69,0.5,15.6,1,4.83,4.82,4.82,4.83,4.84,1.69,3.5,10.170000000000002,10.76
zone_substation|Steeple Flat|Steeple Flat 132/66kV|132/66,Steeple Flat,Steeple Flat 132/66kV,132/66,30,,,30,,,0,1,4.63,4.56,4.53,4.5,4.46,0,0.5,0,0.987,6.77,7.31,7.8,8.24,8.65,0,2,-4.46,-8.65
zone_substation|Steeple Flat|Steeple Flat 22kV|11/22,Steeple Flat,Steeple Flat 22kV,11/22,5,,,5,,,0,0.902,0.72,0.75,0.77,0.78,0.8,0.45,1.5,0,0.976,0.9,0.91,0.92,0.93,0.94,0.45,9.5,-0.8,-0.94
zone_substation|Stroud|Booral|33/11,Stroud,Booral,33/11,3,2.5,,3,2.5,,2.75,0.984,1.73,1.75,1.76,1.77,1.78,1.27,0.5,3,0.994,1.28,1.29,1.3,1.31,1.31,1.27,1,0.97,1.69
zone_substation|Stroud|Bulahdelah|33/11,Stroud,Bulahdelah,33/11,5/8,5/6.5,,8,6.5,,7.15,0.994,3.88,3.89,3.89,3.9,3.9,2.67,2,7.8,1,3.03,3.05,3.06,3.07,3.08,2.67,2,3.2500000000000004,4.72
zone_substation|Stroud|Dungog|33/11,Stroud,Dungog,33/11,10/16,10/16,,16,16,,17.6,0.982,8.92,8.92,8.9,8.93,8.92,5.68,0.5,19.2,1,6.12,6.14,6.16,6.18,6.2,5.68,2,8.680000000000001,13.0
zone_substation|Stroud|Gloucester|33/11,Stroud,Gloucester,33/11,10/16,10/16,,16,16,,17.6,0.974,8.77,8.91,9.07,9.17,9.28,6.51,1.5,19.2,0.999,6.73,6.72,6.71,6.69,6.69,6.51,5.5,8.320000000000002,12.509999999999998
zone_substation|Stroud|Gresford|33/11,Stroud,Gresford,33/11,5/8,5/6.5,,8,6.5,,7.15,0.939,2.63,2.66,2.68,2.7,2.73,1.74,1.5,7.8,0.99,1.77,1.8,1.84,1.87,1.92,1.74,2,4.42,5.88
zone_substation|Stroud|Martins Creek|33/11,Stroud,Martins Creek,33/11,5/8,5/8,,8,8,,8.8,0.988,3.89,3.91,3.92,3.91,3.93,2.95,1.5,9.6,0.999,2.3,2.3,2.3,2.3,2.3,2.95,12,4.870000000000001,7.3
zone_substation|Stroud|Pacific Palms|33/11,Stroud,Pacific Palms,33/11,5/8,5/8,,8,8,,8.8,0.999,4.39,4.4,4.4,4.41,4.4,3.96,3,9.6,1,5.06,5.14,5.23,5.3,5.39,3.96,0.5,4.4,4.21
zone_substation|Stroud|Stroud 132/33kV|132/33,Stroud,Stroud 132/33kV,132/33,50/60,50/60,,60,60,,66,0.995,33.37,33.33,33.43,33.47,33.46,0.01,2,72,0.997,29.6,29.65,29.61,29.45,29.47,0.01,2,32.54,42.53
zone_substation|Stroud|Stroud 33/11kV|33/11,Stroud,Stroud 33/11kV,33/11,5,5/8,,5,8,,5.5,0.98,2.76,2.76,2.76,2.76,2.75,2.13,1.5,6,1,2.04,2.04,2.06,2.06,2.08,2.13,2,2.75,3.92
zone_substation|Tamworth|Attunga|66/11,Tamworth,Attunga,66/11,5,8,,5,8,,5.5,0.95,3.67,3.59,3.52,3.45,3.38,1.73,4.5,6,0.95,2.37,2.37,2.37,2.37,2.37,1.73,4.5,2.12,3.63
zone_substation|Tamworth|Barraba|66/11,Tamworth,Barraba,66/11,5,5,,5,5,,5.5,0.998,2.07,2.05,2.03,2.02,2.01,1.96,2.5,6,1,2.4,2.41,2.42,2.44,2.45,1.96,1,3.49,3.55
zone_substation|Tamworth|Bendemeer|66/11,Tamworth,Bendemeer,66/11,3,1,,3,1,,1.1,1,0.68,0.69,0.69,0.7,0.71,0.63,1,1.2,0.995,0.74,0.75,0.75,0.76,0.76,0.63,2,0.3900000000000001,0.43999999999999995
zone_substation|Tamworth|Caroona|33/11,Tamworth,Caroona,33/11,2,3,,2,3,,2.2,0.99,1,1,1,1.01,1.01,0.17,2.5,2.4,0.942,0.67,0.67,0.67,0.67,0.67,0.17,0.5,1.1900000000000002,1.73
zone_substation|Tamworth|Colly Blue|33/11,Tamworth,Colly Blue,33/11,1.5,3,,1.5,3,,1.65,0.96,1.13,1.13,1.12,1.12,1.12,0.41,8,1.8,0.985,0.9,0.89,0.89,0.88,0.88,0.41,3.5,0.5299999999999998,0.92
zone_substation|Tamworth|Currabubula|66/11,Tamworth,Currabubula,66/11,3,,,3,,,0,0.95,1.3,1.28,1.27,1.26,1.25,0.65,3,0,0.951,1.11,1.12,1.13,1.14,1.15,0.65,0.5,-1.25,-1.15
zone_substation|Tamworth|Goddard Lane|66/11,Tamworth,Goddard Lane,66/11,20/30,20/30,,30,30,,33,0.999,11.59,22.1,23.87,25.39,25.32,3.17,4.5,36,0.998,11.83,21.42,22.7,24.68,26.35,3.17,10,7.68,9.649999999999999
zone_substation|Tamworth|Kootingal|66/11,Tamworth,Kootingal,66/11,10/16,10/16,,16,16,,17.6,0.987,6.68,6.76,6.85,6.93,6.98,4.83,1.5,19.2,0.999,5.77,5.81,5.84,5.87,5.9,4.83,1.5,10.620000000000001,13.299999999999999
zone_substation|Tamworth|Manilla|66/11,Tamworth,Manilla,66/11,5/6.25,5/6.25,,6.25,6.25,,6.88,0.9,6.1,6.19,6.25,6.31,6.35,2.74,2.5,7.5,0.9,4.4,4.43,4.45,4.48,4.5,2.74,1,0.5300000000000002,3.0
zone_substation|Tamworth|Murrurundi|33/11,Tamworth,Murrurundi,33/11,5/8,,,8,,,0,0.998,2.72,2.78,2.84,2.89,2.95,1.92,1,0,1,2.46,2.47,2.47,2.48,2.48,1.92,2.5,-2.95,-2.48
zone_substation|Tamworth|Nundle|66/11,Tamworth,Nundle,66/11,2.5,2.5,,2.5,2.5,,2.75,0.975,1.94,1.93,1.93,1.93,1.92,1.3,2.5,3,0.991,1.64,1.66,1.67,1.69,1.71,1.3,0.5,0.8300000000000001,1.29
zone_substation|Tamworth|Oxley Vale|66/11,Tamworth,Oxley Vale,66/11,20/30,20/30,,30,30,,33,0.999,19.73,19.86,19.94,20.02,20.1,13,1.5,36,0.994,17.45,17.64,17.8,17.98,18.14,13,4.5,12.899999999999999,17.86
zone_substation|Tamworth|Quirindi 66/11kV|66/33/11,Tamworth,Quirindi 66/11kV,66/33/11,10/13.3,10/13.3,,13.3,13.3,,14.63,0.992,7.13,7.11,7.12,7.12,7.11,3.66,3,15.96,0.998,6.29,6.34,6.4,6.44,6.49,3.66,1,7.5200000000000005,9.47
zone_substation|Tamworth|Quirindi 66/33kV|66/33/11,Tamworth,Quirindi 66/33kV,66/33/11,8/10,8/10,,10,10,,11,0.993,5.47,5.46,5.46,5.46,5.45,0,3,12,1,4.31,4.33,4.35,4.36,4.37,0,6.5,5.55,7.63
zone_substation|Tamworth|Spring Ridge|33/11,Tamworth,Spring Ridge,33/11,1,,,1,,,0,0.977,0.8,0.82,0.84,0.85,0.87,0.18,5.5,0,0.982,0.57,0.57,0.56,0.56,0.55,0.18,2,-0.87,-0.55
zone_substation|Tamworth|Tamworth East|66/11,Tamworth,Tamworth East,66/11,20/30,18/23,18/23,30,23,23,50.6,1,33.23,33.45,33.66,33.9,34.07,12.94,0.5,55.2,0.996,30.88,32.08,33.12,34.01,34.81,12.94,2,16.53,20.39
zone_substation|Tamworth|Tamworth South|66/11,Tamworth,Tamworth South,66/11,20/30,20/30,,30,30,,33,0.993,24.82,25.03,25.24,25.44,25.67,15,2.5,36,0.998,26.16,26.28,26.38,26.49,26.58,15,0.5,7.329999999999998,9.420000000000002
zone_substation|Tamworth|Upper Manilla|66/11,Tamworth,Upper Manilla,66/11,1.5,,,1.5,,,0,0.938,0.62,0.62,0.62,0.62,0.62,0.12,9,0,0.977,0.38,0.37,0.37,0.37,0.37,0.12,0.5,-0.62,-0.37
zone_substation|Tamworth|Werris Creek|66/11,Tamworth,Werris Creek,66/11,8,5/6.25,,8,6.25,,6.88,0.995,2.2,2.18,2.16,2.13,2.12,1.4,3,7.5,1,1.98,1.98,1.98,1.98,1.99,1.4,3,4.76,5.51
zone_substation|Taree|Bohnock|66/11,Taree,Bohnock,66/11,5/7,5/7,,7,7,,7.7,0.997,6.65,6.68,6.7,6.73,6.75,7.81,1.5,8.4,1,6.97,7.03,7.08,7.13,7.19,7.81,6.5,0.9500000000000002,1.21
zone_substation|Taree|Bootawa|33/11,Taree,Bootawa,33/11,8/11,5,,11,5,,5.5,0.978,3.75,3.74,3.73,3.72,3.71,1.89,1.5,6,0.99,3.69,3.69,3.68,3.68,3.67,1.89,3,1.79,2.33
zone_substation|Taree|Coopernook|33/11,Taree,Coopernook,33/11,5/8,5/6.5,,8,6.5,,7.15,0.996,2.93,2.93,2.91,2.89,2.89,2.77,2,7.8,1,2.27,2.27,2.26,2.26,2.26,2.77,5,4.26,5.54
zone_substation|Taree|Forster|66/11,Taree,Forster,66/11,15/20/25,15/20/25,,25,25,,27.5,0.997,13.76,13.75,13.77,13.76,13.76,12.76,0.5,30,1,16.67,16.74,16.82,16.9,16.97,12.76,1.5,13.74,13.030000000000001
zone_substation|Taree|Hallidays Point 11kV|66/11,Taree,Hallidays Point 11kV,66/11,12.5/16,10/16,,16,16,,17.6,0.997,8.46,8.51,8.55,8.61,8.64,10.2,3,19.2,0.999,8.69,8.78,8.88,8.95,9.03,10.2,9,8.96,10.17
zone_substation|Taree|Harrington|33/11,Taree,Harrington,33/11,5/8,5/6.25,,8,6.25,,6.88,1,3.85,3.86,3.89,3.9,3.92,4.85,2,7.5,0.998,3.72,3.74,3.75,3.77,3.78,4.85,3,2.96,3.72
zone_substation|Taree|Kanangra Dr|33/11,Taree,Kanangra Dr,33/11,20/30,20/25,,30,25,,27.5,0.994,11.84,11.75,11.71,11.65,11.55,8.72,2.5,30,1,13.5,13.67,13.85,14,14.15,8.72,1.5,15.95,15.85
zone_substation|Taree|Tuncurry|66/11,Taree,Tuncurry,66/11,10/16,12.5/16,,16,16,,17.6,0.999,5.68,5.7,5.71,5.72,5.74,4.94,12,19.2,0.999,6.7,6.69,6.68,6.68,6.67,4.94,13,11.860000000000001,12.53
zone_substation|Taree|Whitbread St|66/11,Taree,Whitbread St,66/11,20,20/30,,20,30,,22,0.988,19.19,19.21,19.19,19.27,19.29,9.99,2.5,24,0.996,15.48,15.66,15.82,15.96,16.09,9.99,3.5,2.710000000000001,7.91
zone_substation|Taree|Wingham|33/11,Taree,Wingham,33/11,10/16,7.5/10,,16,10,,11,0.985,11.45,11.41,11.4,11.37,11.38,8.06,2.5,12,1,8.22,8.21,8.21,8.2,8.2,8.06,5.5,-0.3800000000000008,3.8000000000000007
zone_substation|Temora|Anona|66/22,Temora,Anona,66/22,3,2.5,,3,2.5,,2.75,0.983,1.34,1.36,1.37,1.37,1.38,1.02,3,3,0.947,1.18,1.19,1.19,1.2,1.2,1.02,3.5,1.37,1.8
zone_substation|Temora|Ardlethan|66/11,Temora,Ardlethan,66/11,2.5,3,,2.5,3,,2.75,0.993,0.7,0.7,0.7,0.7,0.7,0.65,3,3,0.999,0.7,0.71,0.71,0.72,0.72,0.65,2.5,2.05,2.2800000000000002
zone_substation|Temora|Ariah Park|66/11,Temora,Ariah Park,66/11,3,3,,3,3,,3.3,0.999,1.07,1.07,1.07,1.07,1.07,0.77,3,3.6,0.998,0.92,0.93,0.93,0.93,0.94,0.77,9.5,2.2299999999999995,2.66
zone_substation|Temora|Junee Reefs|66/11,Temora,Junee Reefs,66/11,3,,,3,,,0,0.978,0.23,0.24,0.24,0.25,0.25,0.17,1.5,0,0.999,0.22,0.22,0.22,0.22,0.22,0.17,0.5,-0.25,-0.22
zone_substation|Temora|Temora 132/66kV|132/66,Temora,Temora 132/66kV,132/66,35/60,35/60,,60,60,,66,0.999,20.75,20.79,20.84,20.87,20.9,0,2,72,0.986,17.07,17.19,17.31,17.41,17.53,0,10,45.1,54.47
zone_substation|Temora|Temora 66/11kV|66/11,Temora,Temora 66/11kV,66/11,6.75/10,10/12.5,,10,12.5,,11,0.996,7.68,7.67,7.67,7.67,7.68,6.19,2,12,1,6.85,6.91,6.95,6.99,7.03,6.19,8,3.3200000000000003,4.97
zone_substation|Temora|West Wyalong|66/22,Temora,West Wyalong,66/22,8/10,10/12.5,,10,12.5,,11,0.999,9.12,9.31,9.45,9.59,9.72,5.67,1.5,12,0.99,7.36,7.44,7.52,7.6,7.67,5.67,15,1.2799999999999994,4.33
zone_substation|Tenterfield|Tenterfield 11kV|22/11,Tenterfield,Tenterfield 11kV,22/11,2.5,4,,2.5,4,,2.75,0.988,1.59,2.06,2.06,2.06,2.05,1.9,7.5,3,0.999,3.29,3.31,3.33,3.34,3.36,1.9,6,0.7000000000000002,-0.3599999999999999
zone_substation|Tenterfield|TransGrid 132/22kV Total Tenterfield 22kV Supply|,Tenterfield,TransGrid 132/22kV Total Tenterfield 22kV Supply,,,,,,,,0,0.999,3.9,4.26,4.27,4.28,4.28,2.71,4,0,1,6.72,6.76,6.79,6.82,6.86,2.71,3.5,-4.28,-6.86
zone_substation|Terranora|Banora Point|66/11,Terranora,Banora Point,66/11,24/30,24/30,,30,30,,33,0.999,14.6,14.74,14.94,15.18,15.38,17.04,2.5,36,0.991,12.04,12.06,12.07,12.09,12.08,17.04,1.5,17.619999999999997,23.92
zone_substation|Terranora|Cudgen 11kV|66/33/11,Terranora,Cudgen 11kV,66/33/11,70/40/30,70/40/30,,30,30,,33,1,17.35,17.92,18.45,19,19.45,16.84,3.5,36,0.997,14.86,14.98,15.11,15.21,15.31,16.84,5,13.55,20.689999999999998
zone_substation|Terranora|Cudgen 33kV|66/33/11,Terranora,Cudgen 33kV,66/33/11,70/40/30,70/40/30,,40,40,,44,1,12.73,12.77,12.82,12.84,12.87,0,2.5,48,0.997,11.76,11.77,11.75,11.77,11.79,0,3.5,31.130000000000003,36.21
zone_substation|Terranora|Hastings Point|33/11,Terranora,Hastings Point,33/11,15,15,,15,15,,16.5,1,12.19,12.23,12.25,12.26,12.32,18.14,3,18,0.997,11.38,11.37,11.36,11.36,11.35,18.14,3.5,4.18,6.65
zone_substation|Terranora|Murwillumbah|66/11,Terranora,Murwillumbah,66/11,15/20/25,15/20/25,,25,25,,27.5,0.995,21.41,21.71,22.08,22.39,22.73,24.11,2,30,1,17.56,17.5,17.43,17.38,17.31,24.11,11.5,4.77,12.690000000000001
zone_substation|Terranora|Terranora 110/66kV|110/66,Terranora,Terranora 110/66kV,110/66,70/100,70/100,70/100,100,100,100,220,0.998,97.37,98.62,99.65,100.85,102.16,0,2.5,240,0.999,80.71,80.79,80.81,80.8,80.77,0,3.5,117.84,159.23000000000002
zone_substation|Terranora|Terranora 11kV|66/11,Terranora,Terranora 11kV,66/11,24/30,24/30,,30,30,,33,1,7.91,7.98,8.03,8.1,8.17,11.44,2,36,0.992,6.38,6.42,6.46,6.5,6.56,11.44,2,24.83,29.44
zone_substation|Terranora|Tweed Heads South|66/11,Terranora,Tweed Heads South,66/11,20/30,20/30,,30,30,,33,1,15.53,15.64,15.78,15.92,16.02,17.15,3.5,36,1,13.24,13.25,13.26,13.25,13.26,17.15,2,16.98,22.740000000000002
zone_substation|Terranora|Tweed Heads|66/11,Terranora,Tweed Heads,66/11,25,25,,25,25,,27.5,0.997,15.4,15.4,15.41,15.4,15.38,5.28,3,30,1,11.56,11.55,11.55,11.56,11.55,5.28,3,12.12,18.45
zone_substation|Tumut|Adelong|66/11,Tumut,Adelong,66/11,3,2.5,,3,2.5,,2.75,0.994,1.35,1.36,1.38,1.39,1.4,1.52,2.5,3,0.999,1.26,1.25,1.25,1.24,1.23,1.52,7,1.35,1.77
zone_substation|Tumut|Batlow|66/11,Tumut,Batlow,66/11,5,5,,5,5,,5.5,0.977,1.47,1.45,1.43,1.41,1.39,1.37,13.5,6,0.994,1.76,1.73,1.71,1.69,1.68,1.37,7,4.11,4.32
zone_substation|Tumut|Gundagai South|66/11,Tumut,Gundagai South,66/11,8,8,,8,8,,8.8,0.996,5.99,6.1,6.21,6.33,6.45,3.92,1.5,9.6,1,5.5,5.54,5.57,5.61,5.64,3.92,20,2.3500000000000005,3.96
zone_substation|Tumut|Nangus|66/11,Tumut,Nangus,66/11,1,2.8,,1,2.8,,1.1,0.951,1.1,1.11,1.12,1.14,1.15,0.57,1,1.2,0.987,0.55,0.56,0.56,0.57,0.58,0.57,5,-0.04999999999999982,0.62
zone_substation|Tumut|Parsons Creek|66/11,Tumut,Parsons Creek,66/11,3,,,3,,,0,1,0.1,0.1,0.1,0.1,0.1,0.09,1,0,0.994,0.11,0.11,0.11,0.11,0.11,0.09,1.5,-0.1,-0.11
zone_substation|Tumut|Talbingo|66/11,Tumut,Talbingo,66/11,3.5,,,3.5,,,0,0.629,0.69,0.71,0.74,0.76,0.78,0.41,0.5,0,0.509,0.63,0.65,0.67,0.7,0.72,0.41,2,-0.78,-0.72
zone_substation|Tumut|Tumbarumba|66/22,Tumut,Tumbarumba,66/22,10/12.5,8,,12.5,8,,8.8,0.992,6.8,6.75,6.71,6.68,6.65,3.63,6.5,9.6,0.999,7.89,7.81,7.75,7.68,7.64,3.63,18,2.1500000000000004,1.96
zone_substation|Tumut|Tumut|66/11,Tumut,Tumut,66/11,30,18/30,,30,30,,33,0.992,12.12,12.09,12.04,12.04,12.02,7.5,4,36,0.991,14.44,14.47,14.51,14.54,14.57,7.5,2.5,20.98,21.43
zone_substation|Wagga (Copland St)|Ashmont|66/11,Wagga (Copland St),Ashmont,66/11,20/30,20/30,,30,30,,33,0.985,19.01,19.09,19.18,19.32,19.37,10.44,1,36,0.996,19.68,19.96,20.2,20.44,20.63,10.44,4,13.629999999999999,15.370000000000001
zone_substation|Wagga (Copland St)|Bourkelands|66/11,Wagga (Copland St),Bourkelands,66/11,10/13.3,10/13.3,,13.3,13.3,,14.63,0.997,12.42,12.48,12.58,12.65,12.74,10.28,3,15.96,1,11,11.09,11.16,11.23,11.3,10.28,9,1.8900000000000006,4.66
zone_substation|Wagga (Copland St)|Bulgary|66/22,Wagga (Copland St),Bulgary,66/22,2.5,,,2.5,,,0,0.992,0.19,0.18,0.17,0.16,0.15,0,11,0,0.983,0.15,0.14,0.14,0.13,0.13,0,20,-0.15,-0.13
zone_substation|Wagga (Copland St)|Hammond Ave|66/11,Wagga (Copland St),Hammond Ave,66/11,24/30,24/30,,30,30,,33,0.998,17.62,17.61,17.63,17.6,17.62,4.9,1,36,1,15.13,15.17,15.25,15.32,15.35,4.9,2,15.379999999999999,20.65
zone_substation|Wagga (Copland St)|Henty|66/11,Wagga (Copland St),Henty,66/11,5,5,,5,5,,5.5,0.995,2.47,2.55,2.64,2.71,2.8,2.12,1.5,6,1,2.14,2.13,2.12,2.11,2.11,2.12,7.5,2.7,3.89
zone_substation|Wagga (Copland St)|Kooringal|66/11,Wagga (Copland St),Kooringal,66/11,18/25,18/25,,25,25,,27.5,0.999,18.34,18.36,18.39,18.39,18.45,12.96,2.5,30,1,15.47,15.54,15.59,15.66,15.7,12.96,10.5,9.05,14.3
zone_substation|Wagga (Copland St)|Lockhart|66/22,Wagga (Copland St),Lockhart,66/22,8,5,,8,5,,5.5,0.985,3.21,3.21,3.21,3.21,3.21,2.5,2.5,6,0.951,2.99,2.99,2.99,2.99,3,2.5,3,2.29,3
zone_substation|Wagga (Copland St)|Morrow St|66/11,Wagga (Copland St),Morrow St,66/11,20,20,,20,20,,22,0.98,11.47,11.71,11.9,12.09,12.34,2.53,1.5,24,0.991,9.42,9.42,9.41,9.43,9.41,2.53,3.5,9.66,14.59
zone_substation|Wagga (Copland St)|Uranquinty|66/22,Wagga (Copland St),Uranquinty,66/22,10/16,10/16,,16,16,,17.6,0.997,4.99,4.98,4.98,4.98,4.97,3.55,4,19.2,0.997,4.87,4.9,4.92,4.95,4.97,3.55,6.5,12.630000000000003,14.23
zone_substation|Wagga North|Bethungra|66/11,Wagga North,Bethungra,66/11,3,3,,3,3,,3.3,0.998,0.73,0.73,0.74,0.74,0.75,0.3,5.5,3.6,1,0.68,0.68,0.68,0.68,0.68,0.3,26,2.55,2.92
zone_substation|Wagga North|Bomen|66/11,Wagga North,Bomen,66/11,20/30,20/30,,30,30,,33,1,11.66,13.81,15.91,17.99,20.11,0.34,3,36,0.95,11.45,13.73,15.98,18.21,20.44,0.34,31,12.89,15.559999999999999
zone_substation|Wagga North|Cartwrights Hill 11kV|66/11,Wagga North,Cartwrights Hill 11kV,66/11,6.75/8,6.75/8,,8,8,,8.8,0.997,10.13,10.34,10.56,10.77,10.93,5.32,0,9.6,1,8.72,8.85,8.97,9.08,9.19,5.32,0,-2.129999999999999,0.41000000000000014
zone_substation|Wagga North|Cartwrights Hill 33kV|11/33,Wagga North,Cartwrights Hill 33kV,11/33,5,4,,5,4,,4.4,0.962,1.44,1.43,1.43,1.42,1.42,0,2,4.8,0.927,0.59,0.59,0.59,0.59,0.59,0,1.5,2.9800000000000004,4.21
zone_substation|Wagga North|Coolamon|66/11,Wagga North,Coolamon,66/11,8,8,,8,8,,8.8,0.995,5.06,5.16,5.23,5.29,5.36,4.55,4,9.6,0.999,4.32,4.35,4.38,4.41,4.43,4.55,13,3.4400000000000004,5.17
zone_substation|Wagga North|Euberta|33/11,Wagga North,Euberta,33/11,4,3,,4,3,,3.3,0.916,1.38,1.41,1.43,1.45,1.47,0.81,2.5,3.6,0.973,0.83,0.82,0.8,0.79,0.78,0.81,4,1.8299999999999998,2.8200000000000003
zone_substation|Wagga North|Forest Hill|66/11,Wagga North,Forest Hill,66/11,12.5/16,10/14,,16,14,,15.4,0.97,5.52,5.68,5.84,6,6.16,2.68,0.5,16.8,0.995,4.88,4.94,4.99,5.04,5.1,2.68,4,9.24,11.700000000000001
zone_substation|Wagga North|Ganmurra|33/11,Wagga North,Ganmurra,33/11,2.5,,,2.5,,,0,0.994,0.57,0.58,0.59,0.6,0.61,0.26,3.5,0,0.997,0.51,0.51,0.52,0.52,0.53,0.26,2.5,-0.61,-0.53
zone_substation|Wagga North|Junee 11kV|66/11,Wagga North,Junee 11kV,66/11,10/18,10/15,,18,15,,16.5,0.999,7.22,7.25,7.27,7.31,7.33,4.08,5,18,0.999,6.8,6.86,6.91,6.95,7,4.08,12,9.17,11
zone_substation|Wagga North|Junee 66kV|132/66,Wagga North,Junee 66kV,132/66,30,,,30,,,0,0.999,12.71,12.84,12.97,13.08,13.17,0,3.5,0,0.999,11.38,11.41,11.42,11.44,11.46,0,10,-13.17,-11.46
zone_substation|Wagga North|Mates Gully|33/11,Wagga North,Mates Gully,33/11,2,,,2,,,0,0.988,0.51,0.52,0.53,0.53,0.54,0.42,1,0,0.969,0.39,0.39,0.39,0.39,0.39,0.42,3,-0.54,-0.39
zone_substation|Wagga North|Oura 11/33kV|11/33,Wagga North,Oura 11/33kV,11/33,4,2,,4,2,,2.2,1,1.64,1.64,1.64,1.64,1.65,0,1,2.4,0.999,1.44,1.44,1.45,1.46,1.46,0,3,0.5500000000000003,0.94
zone_substation|Wagga North|Oura 66/11kV|66/11,Wagga North,Oura 66/11kV,66/11,5/6.9,5/6.9,,6.9,6.9,,7.59,0.987,4.14,4.14,4.13,4.14,4.13,0.61,2.5,8.28,0.995,3.37,3.4,3.42,3.45,3.47,0.61,2.5,3.46,4.809999999999999
zone_substation|Wagga North|Tarcutta|33/11,Wagga North,Tarcutta,33/11,1,3,,1,3,,1.1,0.999,1.11,1.12,1.14,1.16,1.17,0.8,1.5,1.2,1,1.08,1.09,1.1,1.12,1.13,0.8,0.5,-0.06999999999999984,0.07000000000000006
zone_substation|Waggamba|Goondiwindi 22kV|66/22,Waggamba,Goondiwindi 22kV,66/22,15,20/30,,15,30,,16.5,1,18.14,18.42,18.66,18.9,19.07,6.85,2.5,18,1,18.93,19.22,19.46,19.7,19.92,6.85,6.5,-2.5700000000000003,-1.9200000000000017
zone_substation|Waggamba|Goondiwindi 33kV|66/33,Waggamba,Goondiwindi 33kV,66/33,5,,,5,,,0,0.999,6.51,6.58,6.67,6.72,6.77,2.72,8.5,0,0.988,5.65,5.72,5.77,5.82,5.87,2.72,5.5,-6.77,-5.87
zone_substation|Wellington|Mumbil|66/11,Wellington,Mumbil,66/11,2.5,2.8,,2.5,2.8,,2.75,0.974,1.42,1.43,1.44,1.45,1.46,0.79,2,3,0.998,1.13,1.14,1.14,1.15,1.16,0.79,6,1.29,1.84
"zone_substation|Wellington|Wellington 11kV|132/11, 66/11",Wellington,Wellington 11kV,"132/11, 66/11",8/11,15,,11,15,,12.1,0.993,10.21,10.2,10.22,10.2,10.19,5.79,0.5,13.2,0.999,8.86,8.92,8.98,9.04,9.11,5.79,9.5,1.9100000000000001,4.09
zone_substation|Yanco|Kywong|66/11,Yanco,Kywong,66/11,3,,,3,,,0,0.984,0.41,0.41,0.41,0.42,0.42,0.15,1,0,0.991,0.3,0.3,0.3,0.3,0.31,0.15,1.5,-0.42,-0.31
zone_substation|Yanco|Leeton|33/11,Yanco,Leeton,33/11,15/20/25,15/20/25,,25,25,,27.5,0.973,19.41,19.42,19.39,19.36,19.37,9.13,8,30,0.989,15.72,15.67,15.62,15.58,15.52,9.13,5,8.129999999999999,14.48
zone_substation|Yanco|Murrami|33/11,Yanco,Murrami,33/11,5,5,,5,5,,5.5,0.878,1.35,1.36,1.39,1.41,1.42,0.45,2,6,0.86,1.76,1.84,1.93,2.01,2.09,0.45,1.5,4.08,3.91
zone_substation|Yanco|Narrandera|66/11,Yanco,Narrandera,66/11,10/16,10/16,,16,16,,17.6,0.948,10.45,10.49,10.52,10.54,10.61,5.93,2.5,19.2,0.994,8.28,8.35,8.41,8.47,8.54,5.93,8.5,6.990000000000002,10.66
zone_substation|Yanco|Whitton|33/11,Yanco,Whitton,33/11,5/6.25,5/6.25,,6.25,6.25,,6.88,0.963,4.08,4.09,4.1,4.11,4.11,0.93,4.5,7.5,0.947,2.18,2.17,2.16,2.15,2.15,0.93,3,2.7699999999999996,5.35
zone_substation|Yanco|Yanco 33/11kV|33/11,Yanco,Yanco 33/11kV,33/11,5,,,5,,,0,0.98,2.71,2.74,2.77,2.79,2.82,1.71,3,0,0.987,2.17,2.18,2.2,2.22,2.23,1.71,3.5,-2.82,-2.23
zone_substation|Yanco|Yanco 33/66kV|33/66,Yanco,Yanco 33/66kV,33/66,15,,,15,,,0,0.968,11.08,11.1,11.12,11.15,11.18,0.96,2.5,0,0.99,9.21,9.33,9.43,9.51,9.6,0.96,1.5,-11.18,-9.6
zone_substation|Yass|Gunning|22/11,Yass,Gunning,22/11,2.5,2.5,,2.5,2.5,,2.75,1,1,1,1,1,1,1.36,2,3,1,1.31,1.32,1.33,1.34,1.34,1.36,2.5,1.75,1.66
zone_substation|Yass|Marilba|66/11,Yass,Marilba,66/11,3,,,3,,,0,0.999,1.24,1.24,1.24,1.24,1.24,1.37,1,0,1,1.45,1.44,1.44,1.44,1.44,1.37,8.5,-1.24,-1.44
zone_substation|Yass|Murrumbateman|132/22,Yass,Murrumbateman,132/22,10/12.5,,,12.5,,,0,0.995,5.74,5.82,5.92,6.02,6.1,9.77,1.5,0,0.987,7.61,7.72,7.81,7.88,7.96,9.77,8,-6.1,-7.96
zone_substation|Yass|Yass|66/22,Yass,Yass,66/22,10/13,10/13,,13,13,,14.3,0.994,11.52,11.48,11.49,11.47,11.46,9.54,3.5,15.6,0.993,13.99,14.08,14.18,14.25,14.35,9.54,7.5,2.84,1.25
