item_id,jurisdiction,region,asset_or_need,sector,current_plan_signal,likely_spend_reason,flexibility_class,redirectability_note,source_url,status
FCO-QLD-TOOWOOMBA-HOSP,QLD,Toowoomba / Darling Downs,New Toowoomba Hospital,health,"New 538-bed main referral hospital at Baillie Henderson; existing services relocated; Stage 1 due 2029","regional growth + replacement/consolidation of existing hospital services",committed_low_flex,"Useful case study of hospital replacement becoming city-shaping precinct capital, but now too committed to treat as movable VECA capital",https://www.plan.health.qld.gov.au/hospital-rescue-plan/our-hospitals/new-toowoomba-hospital,under_construction
FCO-NSW-SHELLHARBOUR-HOSP,NSW,Shellharbour / Illawarra-Shoalhaven,New Shellharbour Hospital precinct + rezoning,health_and_land_use,"New hospital precinct is being paired with rezoning for higher-density housing and employment","service expansion + city-centre/precinct shaping",planned_medium_flex,"Strong evidence that health capital can deliberately reshape land use around a new location",https://www.planning.nsw.gov.au/plans-in-nsw/plans-by-region/the-illawarra-shoalhaven-plan/illawarra-shoalhaven-regional-plan-2041/making-it-happen,planning
FCO-NSW-REGIONAL-HEALTH,NSW,Statewide,20-Year Health Infrastructure Strategy future renewals,health,"Strategy guides future infrastructure investment for health districts/networks/services","asset renewal + demographic/service demand",renewal_high_flex,"Second-pass task: identify named hospitals with major renewal/replacement horizons and test whether current-site replacement is assumed rather than fixed",https://www.health.nsw.gov.au/priorities/Pages/his-overview.aspx,strategy
FCO-VIC-HEALTH-2037,VIC,Statewide,Statewide design service and infrastructure plan 2017-2037,health,"Framework guides service/workforce/infrastructure investment through 2037","asset renewal + service network redesign",renewal_high_flex,"Potentially valuable for identifying sites whose role/capital program may change as Victoria reorganises care through Local Health Service Networks",https://www.health.vic.gov.au/hospitals-and-health-services/health-system-design-service-and-infrastructure-planning,strategy
FCO-VIC-LHSN,VIC,Statewide,Local Health Service Networks and role delineation,health,"12 geographic health networks established from July 2025; network-wide clinical service planning now determines site roles","service-network redesign",planned_medium_flex,"This is not only a building program: it may alter which hospitals provide what level of care, making service-role capital more flexible than site-by-site extrapolation suggests",https://www.health.vic.gov.au/health-services-plan-reform/local-health-service-networks,active_reform
FCO-NSW-SYD-GROWTH,NSW,Greater Sydney,Infrastructure implied by Sydney Plan 2046,whole_of_government,"Plan assumes 1.3m additional population, at least 800k homes and 950k jobs by 2046","growth-triggered demand",growth_triggered_high_flex,"Key counterfactual pool: some future schools, health, transport, water and utility spend is required because the baseline assumes this growth remains in Sydney",https://www.planning.nsw.gov.au/news/minns-labor-government-finalises-20-year-sydney-plan,statutory_plan
FCO-QLD-SEQ-GROWTH,QLD,South East Queensland,Infrastructure implied by ShapingSEQ 2046,whole_of_government,"Plan assumes around 6m people and almost 900k new homes by 2046","growth-triggered demand",growth_triggered_high_flex,"VECA should compare the marginal infrastructure burden of this concentration with alternative regional allocation rather than treating forecast demand as immutable",https://www.planning.qld.gov.au/planning-framework/plan-making/regional-planning/south-east-queensland-regional-plan/south-east-queensland-regional-plan,statutory_plan
FCO-VIC-HOUSING-2051,VIC,Statewide,Infrastructure implied by 2.24m-home Plan for Victoria target,whole_of_government,"Explicit LGA housing targets are intended to guide planning schemes and future infrastructure/service business cases","growth-triggered demand",growth_triggered_high_flex,"Especially useful because government explicitly links housing geography to later infrastructure/service business cases",https://www.planning.vic.gov.au/planforvictoria/housing-for-all-victorians/housing-targets,statutory_plan
FCO-ACT-DISTRICTS,ACT,Canberra,District Strategies to 2038/2050,land_use_and_services,"Nine district strategies direct most growth into existing suburbs and inform future services, transport, infrastructure and rezoning","growth allocation + service expansion",growth_triggered_high_flex,"ACT is a clean test case because strategic planning explicitly links growth geography and future infrastructure; only 30% or less of growth is intended for greenfield areas",https://www.planning.act.gov.au/professionals/our-planning-system/district-strategies,strategic_plan
