intent_id,jurisdiction,plan_or_program,horizon,intent_class,geography,population_or_housing_assumption,embedded_infrastructure_or_service_signal,decision_flexibility,source_url,notes
GI-AUS-IPL-2026,Commonwealth,Infrastructure Australia 2026 Infrastructure Priority List,10 years,infrastructure_pipeline,National,"Nationally significant proposals; not a population plan","68 proposals across freight, ports, growing-city transport, water and clean energy; pipeline timing distinguishes investment-ready / 2-4 / 5-10 years",planned_medium_flex,https://www.infrastructureaustralia.gov.au/2026-infrastructure-priority-list,"Independent advice to Commonwealth, not committed funding."
GI-NSW-SYDPLAN-2026,NSW,Sydney Plan,2046,statutory_growth_plan,Greater Sydney,"5.3m to 6.6m population; at least 800,000 more homes; 950,000 more jobs","Coordinates housing, jobs, transport, infrastructure and open space around metropolitan growth assumptions",growth_triggered_high_flex,https://www.planning.nsw.gov.au/news/minns-labor-government-finalises-20-year-sydney-plan,"Critical VECA baseline: much future infrastructure demand is conditional on continued Sydney concentration."
GI-NSW-HEALTH-2020,NSW,20-Year Health Infrastructure Strategy,~2040,service_plan,NSW,"Health demand and district/network planning baseline","Guides future infrastructure investment for health districts, networks and services",renewal_high_flex,https://www.health.nsw.gov.au/priorities/Pages/his-overview.aspx,"Needs second-pass extraction of named asset renewal/replacement priorities."
GI-QLD-SEQ-2023,QLD,ShapingSEQ 2023,2046,statutory_growth_plan,South East Queensland,"~3.8m to ~6m population; ~900,000 new homes; ~1m jobs from 2021 baseline","Urban footprint, potential future growth areas, economic areas, industrial land, freight and strategic public transport to 2046",growth_triggered_high_flex,https://www.planning.qld.gov.au/planning-framework/plan-making/regional-planning/south-east-queensland-regional-plan/south-east-queensland-regional-plan,"Toowoomba urban extent sits inside SEQ plan boundary, useful for VECA metro/regional interface analysis."
GI-QLD-RIP-2026,QLD,Regional Infrastructure Plans,rolling 20-year plans,infrastructure_pipeline,Queensland regions,"13 regional plans being paired with infrastructure plans","Transport, water, energy, digital, schools/hospitals and other social/community infrastructure integrated with land-use growth",planned_medium_flex,https://www.planning.qld.gov.au/planning-framework/plan-making/regional-planning/regional-infrastructure-plans,"Important source family because land-use and infrastructure are being planned together from 2026."
GI-QLD-WBB-2026,QLD,Draft Wide Bay Burnett Regional Plan and Infrastructure Plan,2046,statutory_growth_plan,Wide Bay Burnett,"~414,775 population by 2046; ageing population share rising strongly","First integrated appendix links transport, water, energy, digital and social/community infrastructure to housing/economic growth",growth_triggered_high_flex,https://www.planning.qld.gov.au/planning-framework/plan-making/regional-planning/wide-bay-burnett-regional-plan,"Draft as of Sep 2026; preserve draft status."
GI-VIC-IV-2025,VIC,Victoria's 30-year infrastructure strategy 2025-2055,2055,infrastructure_pipeline,Victoria,"Statewide long-horizon needs rather than single population target","45 recommendations and 8 future options across housing, energy, transport, health, climate, education and water",planned_medium_flex,https://www.infrastructurevictoria.com.au/resources/victorias-30-year-strategy,"Independent advisory strategy; government must respond to recommendations."
GI-VIC-PFV-2025,VIC,Plan for Victoria / housing targets,2051,housing_or_zoning_target,Victoria,"2.24m additional homes by 2051; explicit LGA targets","Planning schemes must provide realistic capacity; infrastructure and service business cases are to be consistent with plan",growth_triggered_high_flex,https://www.planning.vic.gov.au/planforvictoria/housing-for-all-victorians/housing-targets,"Regional targets include Geelong 128,600; Ballarat 46,900; Bendigo 37,000; Wodonga 15,200."
GI-ACT-IIP-2026,ACT,Infrastructure Investment Program,2030-31 plus multi-decade framing,infrastructure_pipeline,ACT,"Population/service-demand driven","Major health, education and transport investments; program regularly reviewed against population growth and service demand",planned_medium_flex,https://www.treasury.act.gov.au/budget/budget-2026-27/infrastructure-investment-program,"Current five-year spend is fixed/committed to varying degrees; later multi-decade needs retain more flexibility."
