source_id,title,publisher,source_type,url,retrieved_date,coverage,authority,notes
SRC-IND-NSW-SAP,Special Activation Precincts,NSW Government,program_page,https://www.nsw.gov.au/regional-and-primary-industries/regional-business-and-economy-nsw/special-activation-precincts,2026-09-09,Regional NSW,primary,"Parkes and Wagga target freight/logistics, advanced manufacturing, agribusiness, renewable energy and recycling; planning complete and delivery underway."
SRC-IND-PARKES,Parkes Special Activation Precinct,NSW Government,precinct_page,https://www.nsw.gov.au/regional-and-primary-industries/regional-business-and-economy-nsw/special-activation-precincts/parkes-special-activation-precinct,2026-09-09,Parkes NSW,primary,"Serviced inland-port precinct at junction of Inland Rail and Trans-Australian railway; government states access to 80% of Australian population within 12 hours by road/rail."
SRC-IND-PARKES-INVEST,Parkes private investment announcement,NSW Government,ministerial_release,https://www.nsw.gov.au/ministerial-releases/65-million-investment-and-more-than-200-new-jobs-parkes,2026-09-09,Parkes NSW,primary,"Three companies planning $65m private investment; proposals not yet operating assets."
SRC-IND-WAGGA,Wagga Wagga Special Activation Precinct,NSW Government,precinct_page,https://www.nsw.gov.au/regional-and-primary-industries/regional-business-and-economy-nsw/special-activation-precincts/wagga-wagga-special-activation-precinct,2026-09-09,Wagga Wagga NSW,primary,"Includes established Bomen industrial estate and new RiFL intermodal facility; serviced industrial lots available."
SRC-IND-AEROTROPOLIS-2026,Western Sydney Aerotropolis investment update,NSW Government,ministerial_release,https://www.nsw.gov.au/ministerial-releases/western-sydney-aerotropolis-investment-takes-off,2026-09-09,Western Sydney,primary,"Private projects at various stages reported at $21.6b in Apr 2026; freight/logistics, advanced manufacturing, distribution and data centres prominent; >$28b public enabling cited."
SRC-IND-AEROTROPOLIS-ALDI,Aldi automated distribution centre approval,NSW Government,ministerial_release,https://www.nsw.gov.au/ministerial-releases/billion-dollar-distribution-centre-approval-a-first-for-aerotropolis,2026-09-09,Western Sydney Aerotropolis,primary,"$1b approved automated distribution centre beside Western Sydney Airport; expected 585 permanent jobs and heavy automation."
SRC-IND-BRADFIELD-2026,Major projects cementing Aerotropolis and Bradfield,NSW Government,ministerial_release,https://www.nsw.gov.au/ministerial-releases/new-bradfield-city-building-begins,2026-09-09,Bradfield / Aerotropolis,primary,"Second Bradfield building under construction; semiconductor advanced packaging facility plus approved $1b industrial estate."
PORT-BRIS-FY25,Strong FY25 trade through Port of Brisbane,Port of Brisbane Pty Ltd,operator_current,https://www.portbris.com.au/w/strong-fy25-trade-through-port-of-brisbane,2026-09-09,Port of Brisbane,primary,"FY25: 1.62m TEU; 34.9 Mt trade; $73.5b international cargo; ~200ha Future Port Expansion area."
PORT-BRIS-VISION2060,Port of Brisbane Vision 2060,Port of Brisbane Pty Ltd,operator_strategy,https://www.portbris.com.au/major-projects/vision-2060,2026-09-09,Queensland / Port of Brisbane,primary,"Projects ~5m+ TEU annually by 2060 and frames dedicated freight rail as major long-run supply-chain infrastructure."
PORT-NSW-BOTANY,Port Botany capabilities,NSW Ports,operator_current,https://www.nswports.com.au/port-botany,2026-09-09,Port Botany / NSW,primary,"Current 2.8m TEU scale, >7m TEU capacity, all three container terminals have on-dock rail, direct links to Sydney intermodal network."
PORT-NSW-KEMBLA,Port Kembla trade and future container role,NSW Ports,operator_current_strategy,https://www.nswports.com.au/nsw-container-ports,2026-09-09,Port Kembla / NSW,primary,"Future NSW container terminal has concept approval; current role includes vehicles, bulk and project cargo."
PORT-NSW-RAIL,NSW Ports rail strategy and investment,NSW Ports,operator_strategy,https://www.nswports.com.au/rail,2026-09-09,Port Botany / Port Kembla / Sydney intermodal network,primary,"Long-term Port Botany rail target 3m TEU/year; staged on-dock rail investment and metropolitan intermodal links."
PORT-NEWCASTLE-CAPABILITY,Port of Newcastle capability,Port of Newcastle,operator_current,https://www.portofnewcastle.com.au/the-port/about/,2026-09-09,Newcastle / Hunter,primary,"States capacity for 10,000 ship movements and >200 Mt cargo annually, channel operating ~50% capacity and significant port land available."
PORT-MEL-FY25,Port of Melbourne FY25 trade data,Port of Melbourne,operator_current,https://www.portofmelbourne.com/record-trade-value-port-of-melbourne-reveals-fy25-trade-data/,2026-09-09,Port of Melbourne / Victoria,primary,"FY25 record 3.39m TEU and $154b trade value; CY2025 later reached 3.5m TEU."
PORT-MEL-PDS2055,Port of Melbourne 2055 Port Development Strategy,Port of Melbourne,operator_strategy,https://www.portofmelbourne.com/pds-2055/port-development-strategy.html,2026-09-09,Port of Melbourne / Victoria,primary,"Webb Dock North planned container capacity, former market site land, completed Port Rail Transformation Project and future Webb Dock freight-link planning."
PORT-GEELONG-CURRENT,GeelongPort current trade and facilities,GeelongPort,operator_current,https://geelongport.com.au/,2026-09-09,Geelong / south-west Victoria,primary,"13.6m+ tonnes cargo; $10.2b+ trade; 1,060 vessel visits; 15 berths across two precincts."
PORT-GEELONG-PDS2024,Port of Geelong 2024 Port Development Strategy,GeelongPort,operator_strategy,https://geelongport.com.au/development/port-development-strategy/,2026-09-09,Geelong / regional Victoria,primary,"Plans port capacity, transport corridors and land needs around regional catchments and future trade growth."
INTERMODAL-MOOREBANK-2026,Moorebank Intermodal Precinct terminals,MITCo / Moorebank Intermodal Precinct,operator_current,https://moorebankintermodalprecinct.com.au/terminals/,2026-09-09,Moorebank / South-west Sydney,primary,"Interstate terminal opened 2024; current configuration 250k TEU/year, expandable to 500k TEU/year; IMEX terminal links to Port Botany and interstate network."
INTERMODAL-NSWPORTS-ENFIELD,Enfield Intermodal Logistics Centre,NSW Ports,operator_current,https://www.nswports.com.au/enfield-intermodal-logistics-centre,2026-09-09,Enfield / Sydney,primary,"60ha logistics centre 18km from Port Botany on dedicated freight rail; NSW Ports investing $250m and states significant spare container-handling capacity."
INTERMODAL-NSWPORTS-COOKS,Cooks River Intermodal Terminal,NSW Ports,operator_current,https://www.nswports.com.au/cooks-river-intermodal-terminal,2026-09-09,Cooks River / Sydney,primary,"Direct daily Port Botany rail shuttles; multiple sidings for regional trains; major empty-container storage role."